Indicatore,Membri,Fascia,Penetrazione_pct,Scheda,Vincitore,PrimiAPari,Distacco
MinMax_pro,5,1,20,CER_4_1_0,,,NaN
MinMax_pro,5,2,40,CER_3_2_0,,,NaN
MinMax_pro,5,3,60,CER_2_3_0,,,NaN
MinMax_pro,5,4,100,CER_0_5_0,,,NaN
MinMax_pro,8,1,25,CER_6_2_0,,,NaN
MinMax_pro,8,2,50,CER_4_4_0,,,NaN
MinMax_pro,8,3,75,CER_2_6_0,,,NaN
MinMax_pro,8,4,100,CER_0_8_0,,,NaN
MinMax_pro,10,1,30,CER_7_3_0,,,NaN
MinMax_pro,10,2,50,CER_5_5_0,,,NaN
MinMax_pro,10,3,80,CER_2_8_0,,,NaN
MinMax_pro,10,4,100,CER_0_10_0,,,NaN
MinMax_pro,15,1,26.67,CER_11_4_0,,,NaN
MinMax_pro,15,2,53.33,CER_7_8_0,,,NaN
MinMax_pro,15,3,73.33,CER_4_11_0,,,NaN
MinMax_pro,15,4,100,CER_0_15_0,,,NaN
MinMax_pro,18,1,27.78,CER_13_5_0,,,NaN
MinMax_pro,18,2,50,CER_9_9_0,,,NaN
MinMax_pro,18,3,77.78,CER_4_14_0,,,NaN
MinMax_pro,18,4,100,CER_0_18_0,,,NaN
MinMax_pro,20,1,25,CER_15_5_0,,,NaN
MinMax_pro,20,2,50,CER_10_10_0,,,NaN
MinMax_pro,20,3,75,CER_5_15_0,,,NaN
MinMax_pro,20,4,100,CER_0_20_0,,,NaN
MinMax_pro,25,1,28,CER_18_7_0,,,NaN
MinMax_pro,25,2,52,CER_12_13_0,,,NaN
MinMax_pro,25,3,76,CER_6_19_0,,,NaN
MinMax_pro,25,4,100,CER_0_25_0,,,NaN
MinMax_con,5,1,20,CER_4_1_0,Weighted Solidarity,Weighted Solidarity,0.00936835
MinMax_con,5,2,40,CER_3_2_0,Weighted Solidarity,Weighted Solidarity,0.0105587
MinMax_con,5,3,60,CER_2_3_0,Weighted Solidarity,Weighted Solidarity,0.0325685
MinMax_con,5,4,100,CER_0_5_0,,,NaN
MinMax_con,8,1,25,CER_6_2_0,Similarity-Utilization,Similarity-Utilization,0.0144865
MinMax_con,8,2,50,CER_4_4_0,Weighted Solidarity,Weighted Solidarity,0.0168316
MinMax_con,8,3,75,CER_2_6_0,Similarity-Utilization,Similarity-Utilization,5.99811e-05
MinMax_con,8,4,100,CER_0_8_0,,,NaN
MinMax_con,10,1,30,CER_7_3_0,Weighted Solidarity,Weighted Solidarity,0.0177155
MinMax_con,10,2,50,CER_5_5_0,Weighted Solidarity,Weighted Solidarity,0.0270692
MinMax_con,10,3,80,CER_2_8_0,Weighted Solidarity,Weighted Solidarity,0.0125896
MinMax_con,10,4,100,CER_0_10_0,,,NaN
MinMax_con,15,1,26.67,CER_11_4_0,Similarity-Utilization,Similarity-Utilization,0.00274462
MinMax_con,15,2,53.33,CER_7_8_0,Weighted Solidarity,Weighted Solidarity,0.0193046
MinMax_con,15,3,73.33,CER_4_11_0,Weighted Solidarity,Weighted Solidarity,0.0192868
MinMax_con,15,4,100,CER_0_15_0,,,NaN
MinMax_con,18,1,27.78,CER_13_5_0,Weighted Solidarity,Weighted Solidarity,0.0418727
MinMax_con,18,2,50,CER_9_9_0,Weighted Solidarity,Weighted Solidarity,0.021502
MinMax_con,18,3,77.78,CER_4_14_0,Weighted Solidarity,Weighted Solidarity,0.00618006
MinMax_con,18,4,100,CER_0_18_0,,,NaN
MinMax_con,20,1,25,CER_15_5_0,Weighted Solidarity,Weighted Solidarity,0.0418743
MinMax_con,20,2,50,CER_10_10_0,Weighted Solidarity,Weighted Solidarity,0.0222335
MinMax_con,20,3,75,CER_5_15_0,Weighted Solidarity,Weighted Solidarity,0.0154312
MinMax_con,20,4,100,CER_0_20_0,,,NaN
MinMax_con,25,1,28,CER_18_7_0,Weighted Solidarity,Weighted Solidarity,0.0238687
MinMax_con,25,2,52,CER_12_13_0,Weighted Solidarity,Weighted Solidarity,0.0138266
MinMax_con,25,3,76,CER_6_19_0,Weighted Solidarity,Weighted Solidarity,0.00396102
MinMax_con,25,4,100,CER_0_25_0,,,NaN
QoS_orig,5,1,20,CER_4_1_0,Weighted Solidarity,Weighted Solidarity,0.00031373
QoS_orig,5,2,40,CER_3_2_0,Similarity-Utilization,Similarity-Utilization,0.000723577
QoS_orig,5,3,60,CER_2_3_0,Weighted Solidarity,Weighted Solidarity,0.0012433
QoS_orig,5,4,100,CER_0_5_0,Equal Split,Equal Split,0.00536147
QoS_orig,8,1,25,CER_6_2_0,Similarity-Utilization,Similarity-Utilization,0.00227337
QoS_orig,8,2,50,CER_4_4_0,Weighted Solidarity,Weighted Solidarity,0.000636238
QoS_orig,8,3,75,CER_2_6_0,Weighted Solidarity,Weighted Solidarity,0.00201652
QoS_orig,8,4,100,CER_0_8_0,Equal Split,Equal Split,0.00592159
QoS_orig,10,1,30,CER_7_3_0,Similarity-Utilization,Similarity-Utilization,0.001107
QoS_orig,10,2,50,CER_5_5_0,Weighted Solidarity,Weighted Solidarity,0.00157961
QoS_orig,10,3,80,CER_2_8_0,Weighted Solidarity,Weighted Solidarity,0.000725905
QoS_orig,10,4,100,CER_0_10_0,Equal Split,Equal Split,0.00607578
QoS_orig,15,1,26.67,CER_11_4_0,Similarity-Utilization,Similarity-Utilization,0.000861392
QoS_orig,15,2,53.33,CER_7_8_0,Weighted Solidarity,Weighted Solidarity,0.00122461
QoS_orig,15,3,73.33,CER_4_11_0,Weighted Solidarity,Weighted Solidarity,0.000143912
QoS_orig,15,4,100,CER_0_15_0,Equal Split,Equal Split,0.0052011
QoS_orig,18,1,27.78,CER_13_5_0,Similarity-Utilization,Similarity-Utilization,0.000542782
QoS_orig,18,2,50,CER_9_9_0,Weighted Solidarity,Weighted Solidarity,0.000471709
QoS_orig,18,3,77.78,CER_4_14_0,Weighted Solidarity,Weighted Solidarity,0.0012661
QoS_orig,18,4,100,CER_0_18_0,Equal Split,Equal Split,0.00471345
QoS_orig,20,1,25,CER_15_5_0,Similarity-Utilization,Similarity-Utilization,0.000714111
QoS_orig,20,2,50,CER_10_10_0,Weighted Solidarity,Weighted Solidarity,0.000630494
QoS_orig,20,3,75,CER_5_15_0,Weighted Solidarity,Weighted Solidarity,0.000795593
QoS_orig,20,4,100,CER_0_20_0,Equal Split,Equal Split,0.00404996
QoS_orig,25,1,28,CER_18_7_0,Similarity-Utilization,Similarity-Utilization,0.00072074
QoS_orig,25,2,52,CER_12_13_0,Weighted Solidarity,Weighted Solidarity,0.000712958
QoS_orig,25,3,76,CER_6_19_0,Cascading Tree,Cascading Tree,0.000761582
QoS_orig,25,4,100,CER_0_25_0,Equal Split,Equal Split,0.00308415
QoS_new,5,1,20,CER_4_1_0,Weighted Solidarity,Weighted Solidarity,0.00184158
QoS_new,5,2,40,CER_3_2_0,Weighted Solidarity,Weighted Solidarity,0.000524136
QoS_new,5,3,60,CER_2_3_0,Weighted Solidarity,Weighted Solidarity,0.00103024
QoS_new,5,4,100,CER_0_5_0,,,NaN
QoS_new,8,1,25,CER_6_2_0,Similarity-Utilization,Similarity-Utilization,0.00262038
QoS_new,8,2,50,CER_4_4_0,Weighted Solidarity,Weighted Solidarity,0.000411624
QoS_new,8,3,75,CER_2_6_0,Equal Split,Equal Split,7.41958e-07
QoS_new,8,4,100,CER_0_8_0,,,NaN
QoS_new,10,1,30,CER_7_3_0,Weighted Solidarity,Weighted Solidarity,0.0015055
QoS_new,10,2,50,CER_5_5_0,Weighted Solidarity,Weighted Solidarity,0.0017916
QoS_new,10,3,80,CER_2_8_0,Weighted Solidarity,Weighted Solidarity,0.000171688
QoS_new,10,4,100,CER_0_10_0,,,NaN
QoS_new,15,1,26.67,CER_11_4_0,Weighted Solidarity,Weighted Solidarity,0.00110074
QoS_new,15,2,53.33,CER_7_8_0,Weighted Solidarity,Weighted Solidarity,0.000861127
QoS_new,15,3,73.33,CER_4_11_0,Weighted Solidarity,Weighted Solidarity,0.000481949
QoS_new,15,4,100,CER_0_15_0,,,NaN
QoS_new,18,1,27.78,CER_13_5_0,Weighted Solidarity,Weighted Solidarity,0.00133439
QoS_new,18,2,50,CER_9_9_0,Weighted Solidarity,Weighted Solidarity,0.000919507
QoS_new,18,3,77.78,CER_4_14_0,Weighted Solidarity,Weighted Solidarity,0.000109678
QoS_new,18,4,100,CER_0_18_0,,,NaN
QoS_new,20,1,25,CER_15_5_0,Weighted Solidarity,Weighted Solidarity,0.00280099
QoS_new,20,2,50,CER_10_10_0,Weighted Solidarity,Weighted Solidarity,0.000870325
QoS_new,20,3,75,CER_5_15_0,Weighted Solidarity,Weighted Solidarity,0.000284965
QoS_new,20,4,100,CER_0_20_0,,,NaN
QoS_new,25,1,28,CER_18_7_0,Weighted Solidarity,Weighted Solidarity,0.00271472
QoS_new,25,2,52,CER_12_13_0,Weighted Solidarity,Weighted Solidarity,0.000917436
QoS_new,25,3,76,CER_6_19_0,Weighted Solidarity,Weighted Solidarity,0.000239033
QoS_new,25,4,100,CER_0_25_0,,,NaN
EI_orig,5,1,20,CER_4_1_0,Equal Split,Equal Split,0.0643645
EI_orig,5,2,40,CER_3_2_0,Equal Split,Equal Split,0.100369
EI_orig,5,3,60,CER_2_3_0,Equal Split,Equal Split,0.125634
EI_orig,5,4,100,CER_0_5_0,Equal Split,Equal Split,0.0663331
EI_orig,8,1,25,CER_6_2_0,Equal Split,Equal Split,0.112786
EI_orig,8,2,50,CER_4_4_0,Equal Split,Equal Split,0.108991
EI_orig,8,3,75,CER_2_6_0,Equal Split,Equal Split,0.0695829
EI_orig,8,4,100,CER_0_8_0,Equal Split,Equal Split,0.0648536
EI_orig,10,1,30,CER_7_3_0,Equal Split,Equal Split,0.101917
EI_orig,10,2,50,CER_5_5_0,Equal Split,Equal Split,0.148393
EI_orig,10,3,80,CER_2_8_0,Equal Split,Equal Split,0.0720505
EI_orig,10,4,100,CER_0_10_0,Equal Split,Equal Split,0.0540805
EI_orig,15,1,26.67,CER_11_4_0,Equal Split,Equal Split,0.0914138
EI_orig,15,2,53.33,CER_7_8_0,Equal Split,Equal Split,0.133586
EI_orig,15,3,73.33,CER_4_11_0,Equal Split,Equal Split,0.072289
EI_orig,15,4,100,CER_0_15_0,Equal Split,Equal Split,0.0615221
EI_orig,18,1,27.78,CER_13_5_0,Equal Split,Equal Split,0.0806787
EI_orig,18,2,50,CER_9_9_0,Equal Split,Equal Split,0.136976
EI_orig,18,3,77.78,CER_4_14_0,Equal Split,Equal Split,0.0720947
EI_orig,18,4,100,CER_0_18_0,Equal Split,Equal Split,0.0590919
EI_orig,20,1,25,CER_15_5_0,Equal Split,Equal Split,0.0877518
EI_orig,20,2,50,CER_10_10_0,Equal Split,Equal Split,0.132667
EI_orig,20,3,75,CER_5_15_0,Equal Split,Equal Split,0.0796497
EI_orig,20,4,100,CER_0_20_0,Equal Split,Equal Split,0.0581064
EI_orig,25,1,28,CER_18_7_0,Equal Split,Equal Split,0.102566
EI_orig,25,2,52,CER_12_13_0,Equal Split,Equal Split,0.144457
EI_orig,25,3,76,CER_6_19_0,Equal Split,Equal Split,0.0752849
EI_orig,25,4,100,CER_0_25_0,Equal Split,Equal Split,0.0617769
EI_new,5,1,20,CER_4_1_0,Equal Split,Equal Split,0.0296202
EI_new,5,2,40,CER_3_2_0,Equal Split,Equal Split,0.018195
EI_new,5,3,60,CER_2_3_0,Equal Split,Equal Split,0.00781193
EI_new,5,4,100,CER_0_5_0,Cascading Tree,Cascading Tree,0.0507081
EI_new,8,1,25,CER_6_2_0,Equal Split,Equal Split,0.0519945
EI_new,8,2,50,CER_4_4_0,Cascading Tree,Cascading Tree,0.0039712
EI_new,8,3,75,CER_2_6_0,Cascading Tree,Cascading Tree,0.0299946
EI_new,8,4,100,CER_0_8_0,Cascading Tree,Cascading Tree,0.0503365
EI_new,10,1,30,CER_7_3_0,Equal Split,Equal Split,0.0521465
EI_new,10,2,50,CER_5_5_0,Equal Split,Equal Split,0.01668
EI_new,10,3,80,CER_2_8_0,Cascading Tree,Cascading Tree,0.0240733
EI_new,10,4,100,CER_0_10_0,Cascading Tree,Cascading Tree,0.0456669
EI_new,15,1,26.67,CER_11_4_0,Equal Split,Equal Split,0.0405577
EI_new,15,2,53.33,CER_7_8_0,Equal Split,Equal Split,0.011067
EI_new,15,3,73.33,CER_4_11_0,Cascading Tree,Cascading Tree,0.0074767
EI_new,15,4,100,CER_0_15_0,Cascading Tree,Cascading Tree,0.0457457
EI_new,18,1,27.78,CER_13_5_0,Equal Split,Equal Split,0.0330613
EI_new,18,2,50,CER_9_9_0,Equal Split,Equal Split,0.0162551
EI_new,18,3,77.78,CER_4_14_0,Cascading Tree,Cascading Tree,0.00979308
EI_new,18,4,100,CER_0_18_0,Cascading Tree,Cascading Tree,0.0363202
EI_new,20,1,25,CER_15_5_0,Equal Split,Equal Split,0.0388932
EI_new,20,2,50,CER_10_10_0,Equal Split,Equal Split,0.0145283
EI_new,20,3,75,CER_5_15_0,Equal Split,Equal Split,0.00791883
EI_new,20,4,100,CER_0_20_0,Cascading Tree,Cascading Tree,0.024138
EI_new,25,1,28,CER_18_7_0,Equal Split,Equal Split,0.0493957
EI_new,25,2,52,CER_12_13_0,Equal Split,Equal Split,0.0235857
EI_new,25,3,76,CER_6_19_0,Equal Split,Equal Split,0.00190268
EI_new,25,4,100,CER_0_25_0,Cascading Tree,Cascading Tree,0.0169223
Jain,5,1,20,CER_4_1_0,Weighted Solidarity,Weighted Solidarity,0.000370267
Jain,5,2,40,CER_3_2_0,Similarity-Utilization,Similarity-Utilization,0.0011548
Jain,5,3,60,CER_2_3_0,Weighted Solidarity,Weighted Solidarity,0.00340472
Jain,5,4,100,CER_0_5_0,Equal Split,Equal Split,0.00569201
Jain,8,1,25,CER_6_2_0,Similarity-Utilization,Similarity-Utilization,0.00247371
Jain,8,2,50,CER_4_4_0,Weighted Solidarity,Weighted Solidarity,0.0014474
Jain,8,3,75,CER_2_6_0,Weighted Solidarity,Weighted Solidarity,0.00190949
Jain,8,4,100,CER_0_8_0,Equal Split,Equal Split,0.006525
Jain,10,1,30,CER_7_3_0,Similarity-Utilization,Similarity-Utilization,0.0013963
Jain,10,2,50,CER_5_5_0,Weighted Solidarity,Weighted Solidarity,0.00254248
Jain,10,3,80,CER_2_8_0,Weighted Solidarity,Weighted Solidarity,0.00124005
Jain,10,4,100,CER_0_10_0,Equal Split,Equal Split,0.00691899
Jain,15,1,26.67,CER_11_4_0,Similarity-Utilization,Similarity-Utilization,0.00107716
Jain,15,2,53.33,CER_7_8_0,Weighted Solidarity,Weighted Solidarity,0.00202813
Jain,15,3,73.33,CER_4_11_0,Weighted Solidarity,Weighted Solidarity,0.0010427
Jain,15,4,100,CER_0_15_0,Equal Split,Equal Split,0.00566686
Jain,18,1,27.78,CER_13_5_0,Similarity-Utilization,Similarity-Utilization,0.000708583
Jain,18,2,50,CER_9_9_0,Weighted Solidarity,Weighted Solidarity,0.000998193
Jain,18,3,77.78,CER_4_14_0,Weighted Solidarity,Weighted Solidarity,0.00126102
Jain,18,4,100,CER_0_18_0,Equal Split,Equal Split,0.00519923
Jain,20,1,25,CER_15_5_0,Similarity-Utilization,Similarity-Utilization,0.000908398
Jain,20,2,50,CER_10_10_0,Weighted Solidarity,Weighted Solidarity,0.00102385
Jain,20,3,75,CER_5_15_0,Weighted Solidarity,Weighted Solidarity,0.00107225
Jain,20,4,100,CER_0_20_0,Equal Split,Equal Split,0.00449748
Jain,25,1,28,CER_18_7_0,Similarity-Utilization,Similarity-Utilization,0.000950649
Jain,25,2,52,CER_12_13_0,Weighted Solidarity,Weighted Solidarity,0.00156204
Jain,25,3,76,CER_6_19_0,Cascading Tree,Cascading Tree,1.41241e-05
Jain,25,4,100,CER_0_25_0,Equal Split,Equal Split,0.00366521
Gini,5,1,20,CER_4_1_0,Equal Split,Equal Split,0.0643645
Gini,5,2,40,CER_3_2_0,Equal Split,Equal Split,0.100369
Gini,5,3,60,CER_2_3_0,Equal Split,Equal Split,0.125634
Gini,5,4,100,CER_0_5_0,Equal Split,Equal Split,0.0663331
Gini,8,1,25,CER_6_2_0,Equal Split,Equal Split,0.112786
Gini,8,2,50,CER_4_4_0,Equal Split,Equal Split,0.108991
Gini,8,3,75,CER_2_6_0,Equal Split,Equal Split,0.0695829
Gini,8,4,100,CER_0_8_0,Equal Split,Equal Split,0.0648536
Gini,10,1,30,CER_7_3_0,Equal Split,Equal Split,0.101917
Gini,10,2,50,CER_5_5_0,Equal Split,Equal Split,0.148393
Gini,10,3,80,CER_2_8_0,Equal Split,Equal Split,0.0720505
Gini,10,4,100,CER_0_10_0,Equal Split,Equal Split,0.0540805
Gini,15,1,26.67,CER_11_4_0,Equal Split,Equal Split,0.0914138
Gini,15,2,53.33,CER_7_8_0,Equal Split,Equal Split,0.133586
Gini,15,3,73.33,CER_4_11_0,Equal Split,Equal Split,0.072289
Gini,15,4,100,CER_0_15_0,Equal Split,Equal Split,0.0615221
Gini,18,1,27.78,CER_13_5_0,Equal Split,Equal Split,0.0806787
Gini,18,2,50,CER_9_9_0,Equal Split,Equal Split,0.136976
Gini,18,3,77.78,CER_4_14_0,Equal Split,Equal Split,0.0720947
Gini,18,4,100,CER_0_18_0,Equal Split,Equal Split,0.0590919
Gini,20,1,25,CER_15_5_0,Equal Split,Equal Split,0.0877518
Gini,20,2,50,CER_10_10_0,Equal Split,Equal Split,0.132667
Gini,20,3,75,CER_5_15_0,Equal Split,Equal Split,0.0796497
Gini,20,4,100,CER_0_20_0,Equal Split,Equal Split,0.0581064
Gini,25,1,28,CER_18_7_0,Equal Split,Equal Split,0.102566
Gini,25,2,52,CER_12_13_0,Equal Split,Equal Split,0.144457
Gini,25,3,76,CER_6_19_0,Equal Split,Equal Split,0.0752849
Gini,25,4,100,CER_0_25_0,Equal Split,Equal Split,0.0617769
FairnessIndex,5,1,20,CER_4_1_0,Marginal Contribution,Marginal Contribution,0.0204053
FairnessIndex,5,2,40,CER_3_2_0,Marginal Contribution,Marginal Contribution,0.0515999
FairnessIndex,5,3,60,CER_2_3_0,Marginal Contribution,Marginal Contribution,0.0328969
FairnessIndex,5,4,100,CER_0_5_0,Marginal Contribution,Marginal Contribution,0.00975011
FairnessIndex,8,1,25,CER_6_2_0,Marginal Contribution,Marginal Contribution,0.0513026
FairnessIndex,8,2,50,CER_4_4_0,Marginal Contribution,Marginal Contribution,0.0280078
FairnessIndex,8,3,75,CER_2_6_0,Marginal Contribution,Marginal Contribution,0.0268675
FairnessIndex,8,4,100,CER_0_8_0,Marginal Contribution,Marginal Contribution,0.0136615
FairnessIndex,10,1,30,CER_7_3_0,Marginal Contribution,Marginal Contribution,0.0199636
FairnessIndex,10,2,50,CER_5_5_0,Marginal Contribution,Marginal Contribution,0.0247506
FairnessIndex,10,3,80,CER_2_8_0,Marginal Contribution,Marginal Contribution,0.0293619
FairnessIndex,10,4,100,CER_0_10_0,Marginal Contribution,Marginal Contribution,0.0101116
FairnessIndex,15,1,26.67,CER_11_4_0,Marginal Contribution,Marginal Contribution,0.0202987
FairnessIndex,15,2,53.33,CER_7_8_0,Marginal Contribution,Marginal Contribution,0.0162884
FairnessIndex,15,3,73.33,CER_4_11_0,Marginal Contribution,Marginal Contribution,0.0160788
FairnessIndex,15,4,100,CER_0_15_0,Marginal Contribution,Marginal Contribution,0.0100035
FairnessIndex,18,1,27.78,CER_13_5_0,Marginal Contribution,Marginal Contribution,0.0163741
FairnessIndex,18,2,50,CER_9_9_0,Marginal Contribution,Marginal Contribution,0.012686
FairnessIndex,18,3,77.78,CER_4_14_0,Marginal Contribution,Marginal Contribution,0.0157193
FairnessIndex,18,4,100,CER_0_18_0,Marginal Contribution,Marginal Contribution,0.00754994
FairnessIndex,20,1,25,CER_15_5_0,Marginal Contribution,Marginal Contribution,0.0137177
FairnessIndex,20,2,50,CER_10_10_0,Marginal Contribution,Marginal Contribution,0.00972615
FairnessIndex,20,3,75,CER_5_15_0,Marginal Contribution,Marginal Contribution,0.0104173
FairnessIndex,20,4,100,CER_0_20_0,Marginal Contribution,Marginal Contribution,0.00696307
FairnessIndex,25,1,28,CER_18_7_0,Marginal Contribution,Marginal Contribution,0.0116717
FairnessIndex,25,2,52,CER_12_13_0,Marginal Contribution,Marginal Contribution,0.00702719
FairnessIndex,25,3,76,CER_6_19_0,Marginal Contribution,Marginal Contribution,0.00914915
FairnessIndex,25,4,100,CER_0_25_0,Marginal Contribution,Marginal Contribution,0.00608441
Sigma,5,1,20,CER_4_1_0,Marginal Contribution,Marginal Contribution,0.00846634
Sigma,5,2,40,CER_3_2_0,Marginal Contribution,Marginal Contribution,0.0249824
Sigma,5,3,60,CER_2_3_0,Marginal Contribution,Marginal Contribution,0.0150108
Sigma,5,4,100,CER_0_5_0,Marginal Contribution,Marginal Contribution,0.00515154
Sigma,8,1,25,CER_6_2_0,Marginal Contribution,Marginal Contribution,0.0155363
Sigma,8,2,50,CER_4_4_0,Marginal Contribution,Marginal Contribution,0.00764546
Sigma,8,3,75,CER_2_6_0,Marginal Contribution,Marginal Contribution,0.00870298
Sigma,8,4,100,CER_0_8_0,Marginal Contribution,Marginal Contribution,0.00491497
Sigma,10,1,30,CER_7_3_0,Marginal Contribution,Marginal Contribution,0.00566403
Sigma,10,2,50,CER_5_5_0,Marginal Contribution,Marginal Contribution,0.0056152
Sigma,10,3,80,CER_2_8_0,Marginal Contribution,Marginal Contribution,0.00776523
Sigma,10,4,100,CER_0_10_0,Marginal Contribution,Marginal Contribution,0.00341598
Sigma,15,1,26.67,CER_11_4_0,Marginal Contribution,Marginal Contribution,0.0032703
Sigma,15,2,53.33,CER_7_8_0,Marginal Contribution,Marginal Contribution,0.00236029
Sigma,15,3,73.33,CER_4_11_0,Marginal Contribution,Marginal Contribution,0.00252234
Sigma,15,4,100,CER_0_15_0,Marginal Contribution,Marginal Contribution,0.00158803
Sigma,18,1,27.78,CER_13_5_0,Marginal Contribution,Marginal Contribution,0.00219613
Sigma,18,2,50,CER_9_9_0,Marginal Contribution,Marginal Contribution,0.00151077
Sigma,18,3,77.78,CER_4_14_0,Marginal Contribution,Marginal Contribution,0.00218428
Sigma,18,4,100,CER_0_18_0,Marginal Contribution,Marginal Contribution,0.00105769
Sigma,20,1,25,CER_15_5_0,Marginal Contribution,Marginal Contribution,0.00180733
Sigma,20,2,50,CER_10_10_0,Marginal Contribution,Marginal Contribution,0.0010322
Sigma,20,3,75,CER_5_15_0,Marginal Contribution,Marginal Contribution,0.00126766
Sigma,20,4,100,CER_0_20_0,Marginal Contribution,Marginal Contribution,0.000989204
Sigma,25,1,28,CER_18_7_0,Marginal Contribution,Marginal Contribution,0.0012685
Sigma,25,2,52,CER_12_13_0,Marginal Contribution,Marginal Contribution,0.000597422
Sigma,25,3,76,CER_6_19_0,Marginal Contribution,Marginal Contribution,0.000892377
Sigma,25,4,100,CER_0_25_0,Marginal Contribution,Marginal Contribution,0.000664581
QuoteNulle,5,1,20,CER_4_1_0,(pari),Variance Least Core = Equal Split = Remuneration Model 1 = Cascading Tree = Weighted Solidarity = Marginal Contribution = Stratified Expected Value = Adaptive Sampling Shapley,0
QuoteNulle,5,2,40,CER_3_2_0,,,NaN
QuoteNulle,5,3,60,CER_2_3_0,,,NaN
QuoteNulle,5,4,100,CER_0_5_0,,,NaN
QuoteNulle,8,1,25,CER_6_2_0,,,NaN
QuoteNulle,8,2,50,CER_4_4_0,,,NaN
QuoteNulle,8,3,75,CER_2_6_0,,,NaN
QuoteNulle,8,4,100,CER_0_8_0,,,NaN
QuoteNulle,10,1,30,CER_7_3_0,,,NaN
QuoteNulle,10,2,50,CER_5_5_0,,,NaN
QuoteNulle,10,3,80,CER_2_8_0,,,NaN
QuoteNulle,10,4,100,CER_0_10_0,,,NaN
QuoteNulle,15,1,26.67,CER_11_4_0,,,NaN
QuoteNulle,15,2,53.33,CER_7_8_0,,,NaN
QuoteNulle,15,3,73.33,CER_4_11_0,,,NaN
QuoteNulle,15,4,100,CER_0_15_0,,,NaN
QuoteNulle,18,1,27.78,CER_13_5_0,,,NaN
QuoteNulle,18,2,50,CER_9_9_0,,,NaN
QuoteNulle,18,3,77.78,CER_4_14_0,,,NaN
QuoteNulle,18,4,100,CER_0_18_0,,,NaN
QuoteNulle,20,1,25,CER_15_5_0,,,NaN
QuoteNulle,20,2,50,CER_10_10_0,,,NaN
QuoteNulle,20,3,75,CER_5_15_0,,,NaN
QuoteNulle,20,4,100,CER_0_20_0,,,NaN
QuoteNulle,25,1,28,CER_18_7_0,,,NaN
QuoteNulle,25,2,52,CER_12_13_0,,,NaN
QuoteNulle,25,3,76,CER_6_19_0,,,NaN
QuoteNulle,25,4,100,CER_0_25_0,,,NaN
EccessoMax_EUR,5,1,20,CER_4_1_0,Variance Least Core,Variance Least Core,2.41536
EccessoMax_EUR,5,2,40,CER_3_2_0,Variance Least Core,Variance Least Core,0.580974
EccessoMax_EUR,5,3,60,CER_2_3_0,Variance Least Core,Variance Least Core,1.27406
EccessoMax_EUR,5,4,100,CER_0_5_0,Variance Least Core,Variance Least Core,1.05084
EccessoMax_EUR,8,1,25,CER_6_2_0,Variance Least Core,Variance Least Core,3.27965
EccessoMax_EUR,8,2,50,CER_4_4_0,Variance Least Core,Variance Least Core,1.20939
EccessoMax_EUR,8,3,75,CER_2_6_0,Variance Least Core,Variance Least Core,1.10065
EccessoMax_EUR,8,4,100,CER_0_8_0,Variance Least Core,Variance Least Core,0.567044
EccessoMax_EUR,10,1,30,CER_7_3_0,Variance Least Core,Variance Least Core,1.99186
EccessoMax_EUR,10,2,50,CER_5_5_0,Variance Least Core,Variance Least Core,1.5215
EccessoMax_EUR,10,3,80,CER_2_8_0,Variance Least Core,Variance Least Core,0.835957
EccessoMax_EUR,10,4,100,CER_0_10_0,Variance Least Core,Variance Least Core,0.471396
EccessoMax_EUR,15,1,26.67,CER_11_4_0,Variance Least Core,Variance Least Core,3.16025
EccessoMax_EUR,15,2,53.33,CER_7_8_0,Variance Least Core,Variance Least Core,1.09929
EccessoMax_EUR,15,3,73.33,CER_4_11_0,Variance Least Core,Variance Least Core,0.993131
EccessoMax_EUR,15,4,100,CER_0_15_0,Variance Least Core,Variance Least Core,0.342894
EccessoMax_EUR,18,1,27.78,CER_13_5_0,Variance Least Core,Variance Least Core,2.98543
EccessoMax_EUR,18,2,50,CER_9_9_0,Variance Least Core,Variance Least Core,1.4559
EccessoMax_EUR,18,3,77.78,CER_4_14_0,Variance Least Core,Variance Least Core,0.8426
EccessoMax_EUR,18,4,100,CER_0_18_0,Variance Least Core,Variance Least Core,0.293654
EccessoMax_EUR,20,1,25,CER_15_5_0,,,NaN
EccessoMax_EUR,20,2,50,CER_10_10_0,,,NaN
EccessoMax_EUR,20,3,75,CER_5_15_0,,,NaN
EccessoMax_EUR,20,4,100,CER_0_20_0,,,NaN
EccessoMax_EUR,25,1,28,CER_18_7_0,,,NaN
EccessoMax_EUR,25,2,52,CER_12_13_0,,,NaN
EccessoMax_EUR,25,3,76,CER_6_19_0,,,NaN
EccessoMax_EUR,25,4,100,CER_0_25_0,,,NaN
CoalizioniInstabili,5,1,20,CER_4_1_0,(pari),Variance Least Core = Cascading Tree = Marginal Contribution = Stratified Expected Value = Adaptive Sampling Shapley,0
CoalizioniInstabili,5,2,40,CER_3_2_0,(pari),Variance Least Core = Marginal Contribution = Stratified Expected Value,0
CoalizioniInstabili,5,3,60,CER_2_3_0,(pari),Variance Least Core = Marginal Contribution = Stratified Expected Value,0
CoalizioniInstabili,5,4,100,CER_0_5_0,(pari),Variance Least Core = Similarity-Utilization = Marginal Contribution = Stratified Expected Value = Adaptive Sampling Shapley,0
CoalizioniInstabili,8,1,25,CER_6_2_0,(pari),Variance Least Core = Stratified Expected Value,0
CoalizioniInstabili,8,2,50,CER_4_4_0,(pari),Variance Least Core = Marginal Contribution = Stratified Expected Value,0
CoalizioniInstabili,8,3,75,CER_2_6_0,(pari),Variance Least Core = Stratified Expected Value,0
CoalizioniInstabili,8,4,100,CER_0_8_0,(pari),Variance Least Core = Marginal Contribution = Stratified Expected Value,0
CoalizioniInstabili,10,1,30,CER_7_3_0,(pari),Variance Least Core = Stratified Expected Value,0
CoalizioniInstabili,10,2,50,CER_5_5_0,(pari),Variance Least Core = Stratified Expected Value,0
CoalizioniInstabili,10,3,80,CER_2_8_0,(pari),Variance Least Core = Stratified Expected Value,0
CoalizioniInstabili,10,4,100,CER_0_10_0,(pari),Variance Least Core = Marginal Contribution = Stratified Expected Value,0
CoalizioniInstabili,15,1,26.67,CER_11_4_0,(pari),Variance Least Core = Stratified Expected Value,0
CoalizioniInstabili,15,2,53.33,CER_7_8_0,(pari),Variance Least Core = Marginal Contribution,0
CoalizioniInstabili,15,3,73.33,CER_4_11_0,(pari),Variance Least Core = Marginal Contribution,0
CoalizioniInstabili,15,4,100,CER_0_15_0,(pari),Variance Least Core = Marginal Contribution = Stratified Expected Value,0
CoalizioniInstabili,18,1,27.78,CER_13_5_0,Variance Least Core,Variance Least Core,6
CoalizioniInstabili,18,2,50,CER_9_9_0,Variance Least Core,Variance Least Core,1
CoalizioniInstabili,18,3,77.78,CER_4_14_0,Variance Least Core,Variance Least Core,1
CoalizioniInstabili,18,4,100,CER_0_18_0,(pari),Variance Least Core = Marginal Contribution = Stratified Expected Value,0
CoalizioniInstabili,20,1,25,CER_15_5_0,,,NaN
CoalizioniInstabili,20,2,50,CER_10_10_0,,,NaN
CoalizioniInstabili,20,3,75,CER_5_15_0,,,NaN
CoalizioniInstabili,20,4,100,CER_0_20_0,,,NaN
CoalizioniInstabili,25,1,28,CER_18_7_0,,,NaN
CoalizioniInstabili,25,2,52,CER_12_13_0,,,NaN
CoalizioniInstabili,25,3,76,CER_6_19_0,,,NaN
CoalizioniInstabili,25,4,100,CER_0_25_0,,,NaN
ForzaIncentivante,5,1,20,CER_4_1_0,Similarity-Utilization,Similarity-Utilization,0.0386742
ForzaIncentivante,5,2,40,CER_3_2_0,Similarity-Utilization,Similarity-Utilization,0.0379418
ForzaIncentivante,5,3,60,CER_2_3_0,Similarity-Utilization,Similarity-Utilization,0.0824809
ForzaIncentivante,5,4,100,CER_0_5_0,Tri-level EP,Tri-level EP,0.023742
ForzaIncentivante,8,1,25,CER_6_2_0,Similarity-Utilization,Similarity-Utilization,0.0581354
ForzaIncentivante,8,2,50,CER_4_4_0,Similarity-Utilization,Similarity-Utilization,0.042086
ForzaIncentivante,8,3,75,CER_2_6_0,Similarity-Utilization,Similarity-Utilization,0.0607626
ForzaIncentivante,8,4,100,CER_0_8_0,Tri-level EP,Tri-level EP,0.0233506
ForzaIncentivante,10,1,30,CER_7_3_0,Similarity-Utilization,Similarity-Utilization,0.0275254
ForzaIncentivante,10,2,50,CER_5_5_0,Similarity-Utilization,Similarity-Utilization,0.0376888
ForzaIncentivante,10,3,80,CER_2_8_0,Similarity-Utilization,Similarity-Utilization,0.115393
ForzaIncentivante,10,4,100,CER_0_10_0,Tri-level EP,Tri-level EP,0.0249241
ForzaIncentivante,15,1,26.67,CER_11_4_0,Similarity-Utilization,Similarity-Utilization,0.0125537
ForzaIncentivante,15,2,53.33,CER_7_8_0,Similarity-Utilization,Similarity-Utilization,0.0341511
ForzaIncentivante,15,3,73.33,CER_4_11_0,Similarity-Utilization,Similarity-Utilization,0.0595269
ForzaIncentivante,15,4,100,CER_0_15_0,Tri-level EP,Tri-level EP,0.0364745
ForzaIncentivante,18,1,27.78,CER_13_5_0,Similarity-Utilization,Similarity-Utilization,0.0180332
ForzaIncentivante,18,2,50,CER_9_9_0,Similarity-Utilization,Similarity-Utilization,0.0294307
ForzaIncentivante,18,3,77.78,CER_4_14_0,Similarity-Utilization,Similarity-Utilization,0.0598674
ForzaIncentivante,18,4,100,CER_0_18_0,Tri-level EP,Tri-level EP,0.0320121
ForzaIncentivante,20,1,25,CER_15_5_0,Similarity-Utilization,Similarity-Utilization,0.00944505
ForzaIncentivante,20,2,50,CER_10_10_0,Similarity-Utilization,Similarity-Utilization,0.0322803
ForzaIncentivante,20,3,75,CER_5_15_0,Similarity-Utilization,Similarity-Utilization,0.077943
ForzaIncentivante,20,4,100,CER_0_20_0,Tri-level EP,Tri-level EP,0.0253319
ForzaIncentivante,25,1,28,CER_18_7_0,Similarity-Utilization,Similarity-Utilization,0.0194672
ForzaIncentivante,25,2,52,CER_12_13_0,Similarity-Utilization,Similarity-Utilization,0.0376496
ForzaIncentivante,25,3,76,CER_6_19_0,Similarity-Utilization,Similarity-Utilization,0.0925749
ForzaIncentivante,25,4,100,CER_0_25_0,Tri-level EP,Tri-level EP,0.0194278
AllineamentoVirtu,5,1,20,CER_4_1_0,Similarity-Utilization,Similarity-Utilization,0.0550904
AllineamentoVirtu,5,2,40,CER_3_2_0,Similarity-Utilization,Similarity-Utilization,0.0409268
AllineamentoVirtu,5,3,60,CER_2_3_0,Similarity-Utilization,Similarity-Utilization,0.0454326
AllineamentoVirtu,5,4,100,CER_0_5_0,Similarity-Utilization,Similarity-Utilization,0.00256806
AllineamentoVirtu,8,1,25,CER_6_2_0,Similarity-Utilization,Similarity-Utilization,0.138016
AllineamentoVirtu,8,2,50,CER_4_4_0,Similarity-Utilization,Similarity-Utilization,0.0292413
AllineamentoVirtu,8,3,75,CER_2_6_0,Similarity-Utilization,Similarity-Utilization,0.000936087
AllineamentoVirtu,8,4,100,CER_0_8_0,Similarity-Utilization,Similarity-Utilization,0.00636925
AllineamentoVirtu,10,1,30,CER_7_3_0,Similarity-Utilization,Similarity-Utilization,0.0581087
AllineamentoVirtu,10,2,50,CER_5_5_0,Similarity-Utilization,Similarity-Utilization,0.0493837
AllineamentoVirtu,10,3,80,CER_2_8_0,Similarity-Utilization,Similarity-Utilization,0.0230821
AllineamentoVirtu,10,4,100,CER_0_10_0,Similarity-Utilization,Similarity-Utilization,0.0206083
AllineamentoVirtu,15,1,26.67,CER_11_4_0,Similarity-Utilization,Similarity-Utilization,0.0492219
AllineamentoVirtu,15,2,53.33,CER_7_8_0,Similarity-Utilization,Similarity-Utilization,0.0382444
AllineamentoVirtu,15,3,73.33,CER_4_11_0,Similarity-Utilization,Similarity-Utilization,0.0270501
AllineamentoVirtu,15,4,100,CER_0_15_0,Similarity-Utilization,Similarity-Utilization,0.0577023
AllineamentoVirtu,18,1,27.78,CER_13_5_0,Similarity-Utilization,Similarity-Utilization,0.0373752
AllineamentoVirtu,18,2,50,CER_9_9_0,Similarity-Utilization,Similarity-Utilization,0.0340142
AllineamentoVirtu,18,3,77.78,CER_4_14_0,Similarity-Utilization,Similarity-Utilization,0.0149217
AllineamentoVirtu,18,4,100,CER_0_18_0,Similarity-Utilization,Similarity-Utilization,0.0905776
AllineamentoVirtu,20,1,25,CER_15_5_0,Similarity-Utilization,Similarity-Utilization,0.0451299
AllineamentoVirtu,20,2,50,CER_10_10_0,Similarity-Utilization,Similarity-Utilization,0.0336239
AllineamentoVirtu,20,3,75,CER_5_15_0,Similarity-Utilization,Similarity-Utilization,0.0257185
AllineamentoVirtu,20,4,100,CER_0_20_0,Similarity-Utilization,Similarity-Utilization,0.106165
AllineamentoVirtu,25,1,28,CER_18_7_0,Similarity-Utilization,Similarity-Utilization,0.0499935
AllineamentoVirtu,25,2,52,CER_12_13_0,Similarity-Utilization,Similarity-Utilization,0.0365905
AllineamentoVirtu,25,3,76,CER_6_19_0,Similarity-Utilization,Similarity-Utilization,0.0248641
AllineamentoVirtu,25,4,100,CER_0_25_0,Similarity-Utilization,Similarity-Utilization,0.117987
ForzaIncentivante_lordo,5,1,20,CER_4_1_0,Similarity-Utilization,Similarity-Utilization,0.362842
ForzaIncentivante_lordo,5,2,40,CER_3_2_0,Similarity-Utilization,Similarity-Utilization,1.19102
ForzaIncentivante_lordo,5,3,60,CER_2_3_0,Similarity-Utilization,Similarity-Utilization,2.86662
ForzaIncentivante_lordo,5,4,100,CER_0_5_0,Weighted Solidarity,Weighted Solidarity,0.805176
ForzaIncentivante_lordo,8,1,25,CER_6_2_0,Similarity-Utilization,Similarity-Utilization,4.91676
ForzaIncentivante_lordo,8,2,50,CER_4_4_0,Similarity-Utilization,Similarity-Utilization,1.85973
ForzaIncentivante_lordo,8,3,75,CER_2_6_0,Similarity-Utilization,Similarity-Utilization,2.0383
ForzaIncentivante_lordo,8,4,100,CER_0_8_0,Equal Split,Equal Split,1.53165
ForzaIncentivante_lordo,10,1,30,CER_7_3_0,Similarity-Utilization,Similarity-Utilization,0.860606
ForzaIncentivante_lordo,10,2,50,CER_5_5_0,Similarity-Utilization,Similarity-Utilization,2.40182
ForzaIncentivante_lordo,10,3,80,CER_2_8_0,Similarity-Utilization,Similarity-Utilization,4.90075
ForzaIncentivante_lordo,10,4,100,CER_0_10_0,Weighted Solidarity,Weighted Solidarity,1.00224
ForzaIncentivante_lordo,15,1,26.67,CER_11_4_0,Similarity-Utilization,Similarity-Utilization,1.024
ForzaIncentivante_lordo,15,2,53.33,CER_7_8_0,Similarity-Utilization,Similarity-Utilization,2.93005
ForzaIncentivante_lordo,15,3,73.33,CER_4_11_0,Similarity-Utilization,Similarity-Utilization,3.83908
ForzaIncentivante_lordo,15,4,100,CER_0_15_0,Weighted Solidarity,Weighted Solidarity,0.653397
ForzaIncentivante_lordo,18,1,27.78,CER_13_5_0,Similarity-Utilization,Similarity-Utilization,1.36647
ForzaIncentivante_lordo,18,2,50,CER_9_9_0,Similarity-Utilization,Similarity-Utilization,1.65351
ForzaIncentivante_lordo,18,3,77.78,CER_4_14_0,Similarity-Utilization,Similarity-Utilization,0.880945
ForzaIncentivante_lordo,18,4,100,CER_0_18_0,Equal Split,Equal Split,0.230966
ForzaIncentivante_lordo,20,1,25,CER_15_5_0,Similarity-Utilization,Similarity-Utilization,0.21214
ForzaIncentivante_lordo,20,2,50,CER_10_10_0,Similarity-Utilization,Similarity-Utilization,1.02781
ForzaIncentivante_lordo,20,3,75,CER_5_15_0,Similarity-Utilization,Similarity-Utilization,2.2019
ForzaIncentivante_lordo,20,4,100,CER_0_20_0,Equal Split,Equal Split,0.460653
ForzaIncentivante_lordo,25,1,28,CER_18_7_0,Similarity-Utilization,Similarity-Utilization,0.189536
ForzaIncentivante_lordo,25,2,52,CER_12_13_0,Similarity-Utilization,Similarity-Utilization,0.309797
ForzaIncentivante_lordo,25,3,76,CER_6_19_0,Equal Split,Equal Split,0.281806
ForzaIncentivante_lordo,25,4,100,CER_0_25_0,Similarity-Utilization,Similarity-Utilization,0.946503
AllineamentoVirtu_lordo,5,1,20,CER_4_1_0,Similarity-Utilization,Similarity-Utilization,0.0794513
AllineamentoVirtu_lordo,5,2,40,CER_3_2_0,Similarity-Utilization,Similarity-Utilization,0.0986563
AllineamentoVirtu_lordo,5,3,60,CER_2_3_0,Similarity-Utilization,Similarity-Utilization,0.13168
AllineamentoVirtu_lordo,5,4,100,CER_0_5_0,Weighted Solidarity,Weighted Solidarity,0.11916
AllineamentoVirtu_lordo,8,1,25,CER_6_2_0,Similarity-Utilization,Similarity-Utilization,0.433794
AllineamentoVirtu_lordo,8,2,50,CER_4_4_0,Similarity-Utilization,Similarity-Utilization,0.0143522
AllineamentoVirtu_lordo,8,3,75,CER_2_6_0,Similarity-Utilization,Similarity-Utilization,0.0139383
AllineamentoVirtu_lordo,8,4,100,CER_0_8_0,Equal Split,Equal Split,0.2542
AllineamentoVirtu_lordo,10,1,30,CER_7_3_0,Stratified Expected Value,Stratified Expected Value,0.0514249
AllineamentoVirtu_lordo,10,2,50,CER_5_5_0,Similarity-Utilization,Similarity-Utilization,0.103683
AllineamentoVirtu_lordo,10,3,80,CER_2_8_0,Similarity-Utilization,Similarity-Utilization,0.0967529
AllineamentoVirtu_lordo,10,4,100,CER_0_10_0,Weighted Solidarity,Weighted Solidarity,0.130293
AllineamentoVirtu_lordo,15,1,26.67,CER_11_4_0,Similarity-Utilization,Similarity-Utilization,0.0886464
AllineamentoVirtu_lordo,15,2,53.33,CER_7_8_0,Similarity-Utilization,Similarity-Utilization,0.114666
AllineamentoVirtu_lordo,15,3,73.33,CER_4_11_0,Similarity-Utilization,Similarity-Utilization,0.0899606
AllineamentoVirtu_lordo,15,4,100,CER_0_15_0,Weighted Solidarity,Weighted Solidarity,0.0787618
AllineamentoVirtu_lordo,18,1,27.78,CER_13_5_0,Similarity-Utilization,Similarity-Utilization,0.0509088
AllineamentoVirtu_lordo,18,2,50,CER_9_9_0,Similarity-Utilization,Similarity-Utilization,0.0700117
AllineamentoVirtu_lordo,18,3,77.78,CER_4_14_0,Similarity-Utilization,Similarity-Utilization,0.0201275
AllineamentoVirtu_lordo,18,4,100,CER_0_18_0,Equal Split,Equal Split,0.0347614
AllineamentoVirtu_lordo,20,1,25,CER_15_5_0,Similarity-Utilization,Similarity-Utilization,0.0371126
AllineamentoVirtu_lordo,20,2,50,CER_10_10_0,Similarity-Utilization,Similarity-Utilization,0.055794
AllineamentoVirtu_lordo,20,3,75,CER_5_15_0,Similarity-Utilization,Similarity-Utilization,0.0878032
AllineamentoVirtu_lordo,20,4,100,CER_0_20_0,Equal Split,Equal Split,0.077546
AllineamentoVirtu_lordo,25,1,28,CER_18_7_0,Similarity-Utilization,Similarity-Utilization,0.0383197
AllineamentoVirtu_lordo,25,2,52,CER_12_13_0,Similarity-Utilization,Similarity-Utilization,0.0292331
AllineamentoVirtu_lordo,25,3,76,CER_6_19_0,Equal Split,Equal Split,0.123521
AllineamentoVirtu_lordo,25,4,100,CER_0_25_0,Similarity-Utilization,Similarity-Utilization,0.148225
VAN_min_EUR,5,1,20,CER_4_1_0,,,NaN
VAN_min_EUR,5,2,40,CER_3_2_0,,,NaN
VAN_min_EUR,5,3,60,CER_2_3_0,,,NaN
VAN_min_EUR,5,4,100,CER_0_5_0,Weighted Solidarity,Weighted Solidarity,10.6857
VAN_min_EUR,8,1,25,CER_6_2_0,,,NaN
VAN_min_EUR,8,2,50,CER_4_4_0,,,NaN
VAN_min_EUR,8,3,75,CER_2_6_0,,,NaN
VAN_min_EUR,8,4,100,CER_0_8_0,Remuneration Model 1,Remuneration Model 1,0.860693
VAN_min_EUR,10,1,30,CER_7_3_0,,,NaN
VAN_min_EUR,10,2,50,CER_5_5_0,,,NaN
VAN_min_EUR,10,3,80,CER_2_8_0,,,NaN
VAN_min_EUR,10,4,100,CER_0_10_0,Remuneration Model 1,Remuneration Model 1,1.11561
VAN_min_EUR,15,1,26.67,CER_11_4_0,,,NaN
VAN_min_EUR,15,2,53.33,CER_7_8_0,,,NaN
VAN_min_EUR,15,3,73.33,CER_4_11_0,,,NaN
VAN_min_EUR,15,4,100,CER_0_15_0,Remuneration Model 1,Remuneration Model 1,0.135983
VAN_min_EUR,18,1,27.78,CER_13_5_0,,,NaN
VAN_min_EUR,18,2,50,CER_9_9_0,,,NaN
VAN_min_EUR,18,3,77.78,CER_4_14_0,,,NaN
VAN_min_EUR,18,4,100,CER_0_18_0,Weighted Solidarity,Weighted Solidarity,12.1392
VAN_min_EUR,20,1,25,CER_15_5_0,,,NaN
VAN_min_EUR,20,2,50,CER_10_10_0,,,NaN
VAN_min_EUR,20,3,75,CER_5_15_0,,,NaN
VAN_min_EUR,20,4,100,CER_0_20_0,Remuneration Model 1,Remuneration Model 1,1.13977
VAN_min_EUR,25,1,28,CER_18_7_0,,,NaN
VAN_min_EUR,25,2,52,CER_12_13_0,,,NaN
VAN_min_EUR,25,3,76,CER_6_19_0,,,NaN
VAN_min_EUR,25,4,100,CER_0_25_0,Remuneration Model 1,Remuneration Model 1,1.65008
