Sweep,Fisso,Configurazioni,SerieEsaminate,CoppieInvertite,QuotaInvertite,InvertiteAgliEstremi,CambiDiSegno
penetrazione,n = 5,4,1404,649,0.462251,440,872
penetrazione,n = 8,4,1404,645,0.459402,496,804
penetrazione,n = 10,4,1404,572,0.407407,466,690
penetrazione,n = 15,4,1404,557,0.396724,461,655
penetrazione,n = 18,4,1404,531,0.378205,423,659
penetrazione,n = 20,4,1404,476,0.339031,357,595
penetrazione,n = 25,4,1404,434,0.309117,288,588
taglia,fascia 1 (~27%),7,1404,445,0.316952,335,731
taglia,fascia 2 (~50%),7,1404,357,0.254274,292,650
taglia,fascia 3 (~75%),7,1404,330,0.235043,203,529
taglia,fascia 4 (~100%),7,1404,279,0.198718,190,436
