classe,residenza,mercato,periodo,kwh,f1,f2,f3,anno
0<potenza_impegnata<=1.5,Non Residente,Maggior Tutela,anno,380,0.2931,0.2859,0.421,2024
0<potenza_impegnata<=1.5,Residente,Maggior Tutela,anno,672,0.3188,0.288,0.3932,2024
0<potenza_impegnata<=1.5,Tutti,Maggior Tutela,anno,578,0.3129,0.2875,0.3996,2024
1.5<potenza_impegnata<=3,Non Residente,Maggior Tutela,anno,659,0.3188,0.3008,0.3804,2024
1.5<potenza_impegnata<=3,Residente,Maggior Tutela,anno,971,0.3201,0.3045,0.3753,2024
1.5<potenza_impegnata<=3,Tutti,Maggior Tutela,anno,945,0.32,0.3042,0.3757,2024
3<potenza_impegnata<=4.5,Non Residente,Maggior Tutela,anno,1049,0.3312,0.2971,0.3717,2024
3<potenza_impegnata<=4.5,Residente,Maggior Tutela,anno,1338,0.3372,0.3039,0.3589,2024
3<potenza_impegnata<=4.5,Tutti,Maggior Tutela,anno,1311,0.3366,0.3032,0.3601,2024
4.5<potenza_impegnata<=6,Non Residente,Maggior Tutela,anno,1793,0.3397,0.2813,0.379,2024
4.5<potenza_impegnata<=6,Residente,Maggior Tutela,anno,1662,0.3293,0.2997,0.371,2024
4.5<potenza_impegnata<=6,Tutti,Maggior Tutela,anno,1689,0.3308,0.2971,0.3722,2024
potenza_impegnata>6,Non Residente,Maggior Tutela,anno,4328,0.3646,0.2553,0.3801,2024
potenza_impegnata>6,Residente,Maggior Tutela,anno,3693,0.3383,0.2746,0.3871,2024
potenza_impegnata>6,Tutti,Maggior Tutela,anno,3850,0.3461,0.2689,0.385,2024
0<potenza_impegnata<=1.5,Non Residente,Mercato Libero,anno,376,0.3341,0.2677,0.3982,2024
0<potenza_impegnata<=1.5,Residente,Mercato Libero,anno,742,0.3176,0.285,0.3974,2024
0<potenza_impegnata<=1.5,Tutti,Mercato Libero,anno,564,0.3222,0.2802,0.3976,2024
1.5<potenza_impegnata<=3,Non Residente,Mercato Libero,anno,1096,0.2972,0.3437,0.3591,2024
1.5<potenza_impegnata<=3,Residente,Mercato Libero,anno,1614,0.3171,0.3065,0.3763,2024
1.5<potenza_impegnata<=3,Tutti,Mercato Libero,anno,1586,0.3139,0.3126,0.3735,2024
3<potenza_impegnata<=4.5,Non Residente,Mercato Libero,anno,1683,0.321,0.3091,0.3699,2024
3<potenza_impegnata<=4.5,Residente,Mercato Libero,anno,2423,0.3204,0.3143,0.3653,2024
3<potenza_impegnata<=4.5,Tutti,Mercato Libero,anno,2372,0.3205,0.3134,0.3662,2024
4.5<potenza_impegnata<=6,Non Residente,Mercato Libero,anno,2305,0.3395,0.2872,0.3733,2024
4.5<potenza_impegnata<=6,Residente,Mercato Libero,anno,3035,0.3236,0.3008,0.3756,2024
4.5<potenza_impegnata<=6,Tutti,Mercato Libero,anno,2990,0.3267,0.2982,0.3751,2024
potenza_impegnata>6,Non Residente,Mercato Libero,anno,7336,0.3594,0.2587,0.3819,2024
potenza_impegnata>6,Residente,Mercato Libero,anno,6541,0.3332,0.2751,0.3918,2024
potenza_impegnata>6,Tutti,Mercato Libero,anno,7025,0.3418,0.2698,0.3884,2024
0<potenza_impegnata<=1.5,Non Residente,Servizio a tutele graduali domestici non vulnerabili,anno,267,0.301,0.2556,0.4434,2024
0<potenza_impegnata<=1.5,Residente,Servizio a tutele graduali domestici non vulnerabili,anno,392,0.2799,0.293,0.4271,2024
0<potenza_impegnata<=1.5,Tutti,Servizio a tutele graduali domestici non vulnerabili,anno,347,0.2854,0.281,0.4336,2024
1.5<potenza_impegnata<=3,Non Residente,Servizio a tutele graduali domestici non vulnerabili,anno,586,0.3109,0.2953,0.3938,2024
1.5<potenza_impegnata<=3,Residente,Servizio a tutele graduali domestici non vulnerabili,anno,815,0.3054,0.3021,0.3925,2024
1.5<potenza_impegnata<=3,Tutti,Servizio a tutele graduali domestici non vulnerabili,anno,790,0.3061,0.3013,0.3926,2024
3<potenza_impegnata<=4.5,Non Residente,Servizio a tutele graduali domestici non vulnerabili,anno,986,0.3264,0.29,0.3836,2024
3<potenza_impegnata<=4.5,Residente,Servizio a tutele graduali domestici non vulnerabili,anno,1277,0.3151,0.3054,0.3795,2024
3<potenza_impegnata<=4.5,Tutti,Servizio a tutele graduali domestici non vulnerabili,anno,1248,0.3165,0.3035,0.38,2024
4.5<potenza_impegnata<=6,Non Residente,Servizio a tutele graduali domestici non vulnerabili,anno,1790,0.3379,0.284,0.3781,2024
4.5<potenza_impegnata<=6,Residente,Servizio a tutele graduali domestici non vulnerabili,anno,1582,0.3272,0.2968,0.376,2024
4.5<potenza_impegnata<=6,Tutti,Servizio a tutele graduali domestici non vulnerabili,anno,1613,0.3286,0.2951,0.3763,2024
potenza_impegnata>6,Non Residente,Servizio a tutele graduali domestici non vulnerabili,anno,3252,0.3884,0.2424,0.3692,2024
potenza_impegnata>6,Residente,Servizio a tutele graduali domestici non vulnerabili,anno,3498,0.3368,0.2733,0.3899,2024
potenza_impegnata>6,Tutti,Servizio a tutele graduali domestici non vulnerabili,anno,3472,0.3482,0.2665,0.3853,2024
0<potenza_impegnata<=1.5,Non Residente,Tutti,anno,400,0.3221,0.2717,0.4062,2024
0<potenza_impegnata<=1.5,Residente,Tutti,anno,782,0.3166,0.2862,0.3972,2024
0<potenza_impegnata<=1.5,Tutti,Tutti,anno,611,0.318,0.2824,0.3996,2024
1.5<potenza_impegnata<=3,Non Residente,Tutti,anno,1109,0.2994,0.3387,0.3619,2024
1.5<potenza_impegnata<=3,Residente,Tutti,anno,1627,0.3171,0.306,0.3768,2024
1.5<potenza_impegnata<=3,Tutti,Tutti,anno,1605,0.3145,0.3109,0.3746,2024
3<potenza_impegnata<=4.5,Non Residente,Tutti,anno,1709,0.3217,0.308,0.3703,2024
3<potenza_impegnata<=4.5,Residente,Tutti,anno,2462,0.3219,0.313,0.3651,2024
3<potenza_impegnata<=4.5,Tutti,Tutti,anno,2414,0.3218,0.3121,0.366,2024
4.5<potenza_impegnata<=6,Non Residente,Tutti,anno,2414,0.3395,0.2866,0.374,2024
4.5<potenza_impegnata<=6,Residente,Tutti,anno,3080,0.3244,0.3005,0.3751,2024
4.5<potenza_impegnata<=6,Tutti,Tutti,anno,3054,0.3272,0.2979,0.3749,2024
potenza_impegnata>6,Non Residente,Tutti,anno,7287,0.3611,0.2577,0.3812,2024
potenza_impegnata>6,Residente,Tutti,anno,6622,0.334,0.2749,0.3911,2024
potenza_impegnata>6,Tutti,Tutti,anno,7062,0.3426,0.2695,0.3879,2024
0<potenza_impegnata<=1.5,Non Residente,Maggior Tutela,08,31,0.2816,0.2642,0.4542,2024
0<potenza_impegnata<=1.5,Residente,Maggior Tutela,08,71,0.3134,0.2795,0.4071,2024
0<potenza_impegnata<=1.5,Tutti,Maggior Tutela,08,57,0.3077,0.2768,0.4155,2024
1.5<potenza_impegnata<=3,Non Residente,Maggior Tutela,08,112,0.3031,0.2784,0.4185,2024
1.5<potenza_impegnata<=3,Residente,Maggior Tutela,08,150,0.3128,0.2917,0.3954,2024
1.5<potenza_impegnata<=3,Tutti,Maggior Tutela,08,148,0.3123,0.291,0.3967,2024
3<potenza_impegnata<=4.5,Non Residente,Maggior Tutela,08,167,0.3149,0.2822,0.4029,2024
3<potenza_impegnata<=4.5,Residente,Maggior Tutela,08,234,0.3246,0.2994,0.3759,2024
3<potenza_impegnata<=4.5,Tutti,Maggior Tutela,08,227,0.3238,0.2979,0.3783,2024
4.5<potenza_impegnata<=6,Non Residente,Maggior Tutela,08,223,0.3484,0.2695,0.382,2024
4.5<potenza_impegnata<=6,Residente,Maggior Tutela,08,276,0.3281,0.2921,0.3798,2024
4.5<potenza_impegnata<=6,Tutti,Maggior Tutela,08,268,0.3315,0.2884,0.3802,2024
potenza_impegnata>6,Non Residente,Maggior Tutela,08,722,0.3368,0.2618,0.4013,2024
potenza_impegnata>6,Residente,Maggior Tutela,08,573,0.3343,0.2832,0.3825,2024
potenza_impegnata>6,Tutti,Maggior Tutela,08,612,0.3354,0.2746,0.3901,2024
0<potenza_impegnata<=1.5,Non Residente,Mercato Libero,08,28,0.3226,0.2636,0.4139,2024
0<potenza_impegnata<=1.5,Residente,Mercato Libero,08,70,0.3036,0.2744,0.4219,2024
0<potenza_impegnata<=1.5,Tutti,Mercato Libero,08,46,0.3081,0.2719,0.42,2024
1.5<potenza_impegnata<=3,Non Residente,Mercato Libero,08,115,0.2978,0.2827,0.4194,2024
1.5<potenza_impegnata<=3,Residente,Mercato Libero,08,169,0.3004,0.2913,0.4083,2024
1.5<potenza_impegnata<=3,Tutti,Mercato Libero,08,161,0.3,0.2899,0.41,2024
3<potenza_impegnata<=4.5,Non Residente,Mercato Libero,08,177,0.3127,0.2845,0.4028,2024
3<potenza_impegnata<=4.5,Residente,Mercato Libero,08,239,0.3103,0.2984,0.3913,2024
3<potenza_impegnata<=4.5,Tutti,Mercato Libero,08,229,0.3109,0.2958,0.3933,2024
4.5<potenza_impegnata<=6,Non Residente,Mercato Libero,08,231,0.3219,0.2818,0.3963,2024
4.5<potenza_impegnata<=6,Residente,Mercato Libero,08,280,0.3137,0.2927,0.3936,2024
4.5<potenza_impegnata<=6,Tutti,Mercato Libero,08,271,0.3154,0.2905,0.3941,2024
potenza_impegnata>6,Non Residente,Mercato Libero,08,756,0.3398,0.2649,0.3953,2024
potenza_impegnata>6,Residente,Mercato Libero,08,616,0.3179,0.2795,0.4025,2024
potenza_impegnata>6,Tutti,Mercato Libero,08,653,0.3246,0.2752,0.4002,2024
0<potenza_impegnata<=1.5,Non Residente,Servizio a tutele graduali domestici non vulnerabili,08,27,0.2647,0.2601,0.4752,2024
0<potenza_impegnata<=1.5,Residente,Servizio a tutele graduali domestici non vulnerabili,08,59,0.2553,0.276,0.4687,2024
0<potenza_impegnata<=1.5,Tutti,Servizio a tutele graduali domestici non vulnerabili,08,45,0.2581,0.2704,0.4716,2024
1.5<potenza_impegnata<=3,Non Residente,Servizio a tutele graduali domestici non vulnerabili,08,102,0.298,0.2822,0.4198,2024
1.5<potenza_impegnata<=3,Residente,Servizio a tutele graduali domestici non vulnerabili,08,158,0.2932,0.2928,0.414,2024
1.5<potenza_impegnata<=3,Tutti,Servizio a tutele graduali domestici non vulnerabili,08,151,0.2937,0.2916,0.4147,2024
3<potenza_impegnata<=4.5,Non Residente,Servizio a tutele graduali domestici non vulnerabili,08,173,0.3087,0.2807,0.4107,2024
3<potenza_impegnata<=4.5,Residente,Servizio a tutele graduali domestici non vulnerabili,08,242,0.3079,0.297,0.3952,2024
3<potenza_impegnata<=4.5,Tutti,Servizio a tutele graduali domestici non vulnerabili,08,234,0.3079,0.2952,0.3969,2024
4.5<potenza_impegnata<=6,Non Residente,Servizio a tutele graduali domestici non vulnerabili,08,218,0.3155,0.2873,0.3972,2024
4.5<potenza_impegnata<=6,Residente,Servizio a tutele graduali domestici non vulnerabili,08,282,0.3136,0.2914,0.3951,2024
4.5<potenza_impegnata<=6,Tutti,Servizio a tutele graduali domestici non vulnerabili,08,273,0.3138,0.2909,0.3953,2024
potenza_impegnata>6,Non Residente,Servizio a tutele graduali domestici non vulnerabili,08,593,0.3463,0.2539,0.3998,2024
potenza_impegnata>6,Residente,Servizio a tutele graduali domestici non vulnerabili,08,643,0.3225,0.2797,0.3978,2024
potenza_impegnata>6,Tutti,Servizio a tutele graduali domestici non vulnerabili,08,633,0.3276,0.2741,0.3982,2024
0<potenza_impegnata<=1.5,Non Residente,Tutti,08,28,0.3066,0.2632,0.4303,2024
0<potenza_impegnata<=1.5,Residente,Tutti,08,69,0.3019,0.2758,0.4223,2024
0<potenza_impegnata<=1.5,Tutti,Tutti,08,48,0.3029,0.2728,0.4243,2024
1.5<potenza_impegnata<=3,Non Residente,Tutti,08,113,0.298,0.2826,0.4194,2024
1.5<potenza_impegnata<=3,Residente,Tutti,08,166,0.3008,0.2915,0.4077,2024
1.5<potenza_impegnata<=3,Tutti,Tutti,08,158,0.3004,0.2902,0.4094,2024
3<potenza_impegnata<=4.5,Non Residente,Tutti,08,176,0.3125,0.2842,0.4033,2024
3<potenza_impegnata<=4.5,Residente,Tutti,08,239,0.3106,0.2983,0.3911,2024
3<potenza_impegnata<=4.5,Tutti,Tutti,08,230,0.311,0.2959,0.3931,2024
4.5<potenza_impegnata<=6,Non Residente,Tutti,08,230,0.3223,0.2818,0.3959,2024
4.5<potenza_impegnata<=6,Residente,Tutti,08,280,0.3143,0.2925,0.3933,2024
4.5<potenza_impegnata<=6,Tutti,Tutti,08,271,0.3158,0.2904,0.3937,2024
potenza_impegnata>6,Non Residente,Tutti,08,739,0.3401,0.2636,0.3963,2024
potenza_impegnata>6,Residente,Tutti,08,617,0.3195,0.2798,0.4007,2024
potenza_impegnata>6,Tutti,Tutti,08,647,0.3257,0.275,0.3992,2024
0<potenza_impegnata<=1.5,Non Residente,Maggior Tutela,04,26,0.2804,0.2773,0.4424,2024
0<potenza_impegnata<=1.5,Residente,Maggior Tutela,04,57,0.2992,0.2826,0.4182,2024
0<potenza_impegnata<=1.5,Tutti,Maggior Tutela,04,45,0.2951,0.2815,0.4234,2024
1.5<potenza_impegnata<=3,Non Residente,Maggior Tutela,04,84,0.3071,0.2949,0.398,2024
1.5<potenza_impegnata<=3,Residente,Maggior Tutela,04,116,0.3063,0.2993,0.3945,2024
1.5<potenza_impegnata<=3,Tutti,Maggior Tutela,04,113,0.3063,0.2989,0.3948,2024
3<potenza_impegnata<=4.5,Non Residente,Maggior Tutela,04,150,0.3193,0.2913,0.3894,2024
3<potenza_impegnata<=4.5,Residente,Maggior Tutela,04,189,0.311,0.3047,0.3843,2024
3<potenza_impegnata<=4.5,Tutti,Maggior Tutela,04,185,0.3118,0.3035,0.3848,2024
4.5<potenza_impegnata<=6,Non Residente,Maggior Tutela,04,193,0.3261,0.277,0.3969,2024
4.5<potenza_impegnata<=6,Residente,Maggior Tutela,04,225,0.3161,0.294,0.3899,2024
4.5<potenza_impegnata<=6,Tutti,Maggior Tutela,04,221,0.3174,0.2917,0.3908,2024
potenza_impegnata>6,Non Residente,Maggior Tutela,04,467,0.3627,0.2443,0.393,2024
potenza_impegnata>6,Residente,Maggior Tutela,04,454,0.3263,0.266,0.4077,2024
potenza_impegnata>6,Tutti,Maggior Tutela,04,457,0.3354,0.2606,0.404,2024
0<potenza_impegnata<=1.5,Non Residente,Mercato Libero,04,27,0.3088,0.2572,0.434,2024
0<potenza_impegnata<=1.5,Residente,Mercato Libero,04,62,0.3075,0.2805,0.4121,2024
0<potenza_impegnata<=1.5,Tutti,Mercato Libero,04,42,0.308,0.2742,0.4178,2024
1.5<potenza_impegnata<=3,Non Residente,Mercato Libero,04,97,0.3073,0.2979,0.3948,2024
1.5<potenza_impegnata<=3,Residente,Mercato Libero,04,129,0.3094,0.3002,0.3905,2024
1.5<potenza_impegnata<=3,Tutti,Mercato Libero,04,124,0.3091,0.2998,0.3912,2024
3<potenza_impegnata<=4.5,Non Residente,Mercato Libero,04,156,0.3124,0.2971,0.3904,2024
3<potenza_impegnata<=4.5,Residente,Mercato Libero,04,199,0.31,0.3092,0.3808,2024
3<potenza_impegnata<=4.5,Tutti,Mercato Libero,04,192,0.3104,0.3072,0.3824,2024
4.5<potenza_impegnata<=6,Non Residente,Mercato Libero,04,201,0.3255,0.2835,0.3911,2024
4.5<potenza_impegnata<=6,Residente,Mercato Libero,04,236,0.3118,0.2958,0.3923,2024
4.5<potenza_impegnata<=6,Tutti,Mercato Libero,04,230,0.3144,0.2936,0.3921,2024
potenza_impegnata>6,Non Residente,Mercato Libero,04,632,0.3443,0.2515,0.4042,2024
potenza_impegnata>6,Residente,Mercato Libero,04,477,0.3201,0.2678,0.4121,2024
potenza_impegnata>6,Tutti,Mercato Libero,04,518,0.3285,0.2623,0.4093,2024
0<potenza_impegnata<=1.5,Non Residente,Tutti,04,27,0.3008,0.2628,0.4363,2024
0<potenza_impegnata<=1.5,Residente,Tutti,04,60,0.3046,0.2812,0.4142,2024
0<potenza_impegnata<=1.5,Tutti,Tutti,04,43,0.3038,0.2766,0.4196,2024
1.5<potenza_impegnata<=3,Non Residente,Tutti,04,95,0.3073,0.2975,0.3952,2024
1.5<potenza_impegnata<=3,Residente,Tutti,04,126,0.3087,0.3,0.3913,2024
1.5<potenza_impegnata<=3,Tutti,Tutti,04,121,0.3085,0.2996,0.3919,2024
3<potenza_impegnata<=4.5,Non Residente,Tutti,04,156,0.313,0.2967,0.3903,2024
3<potenza_impegnata<=4.5,Residente,Tutti,04,198,0.3102,0.3085,0.3813,2024
3<potenza_impegnata<=4.5,Tutti,Tutti,04,191,0.3105,0.3067,0.3827,2024
4.5<potenza_impegnata<=6,Non Residente,Tutti,04,200,0.3256,0.2826,0.3918,2024
4.5<potenza_impegnata<=6,Residente,Tutti,04,234,0.3126,0.2955,0.3919,2024
4.5<potenza_impegnata<=6,Tutti,Tutti,04,228,0.3149,0.2933,0.3919,2024
potenza_impegnata>6,Non Residente,Tutti,04,605,0.3468,0.2505,0.4027,2024
potenza_impegnata>6,Residente,Tutti,04,472,0.3213,0.2674,0.4112,2024
potenza_impegnata>6,Tutti,Tutti,04,505,0.3297,0.262,0.4083,2024
0<potenza_impegnata<=1.5,Non Residente,Maggior Tutela,12,35,0.26,0.2706,0.4694,2024
0<potenza_impegnata<=1.5,Residente,Maggior Tutela,12,70,0.3144,0.2615,0.4241,2024
0<potenza_impegnata<=1.5,Tutti,Maggior Tutela,12,57,0.3054,0.263,0.4315,2024
1.5<potenza_impegnata<=3,Non Residente,Maggior Tutela,12,102,0.3112,0.2765,0.4123,2024
1.5<potenza_impegnata<=3,Residente,Maggior Tutela,12,129,0.3158,0.2768,0.4074,2024
1.5<potenza_impegnata<=3,Tutti,Maggior Tutela,12,127,0.3154,0.2768,0.4078,2024
3<potenza_impegnata<=4.5,Non Residente,Maggior Tutela,12,184,0.3538,0.2562,0.39,2024
3<potenza_impegnata<=4.5,Residente,Maggior Tutela,12,224,0.3249,0.2753,0.3998,2024
3<potenza_impegnata<=4.5,Tutti,Maggior Tutela,12,220,0.3283,0.2731,0.3987,2024
4.5<potenza_impegnata<=6,Non Residente,Maggior Tutela,12,252,0.3251,0.2688,0.406,2024
4.5<potenza_impegnata<=6,Residente,Maggior Tutela,12,293,0.3303,0.2665,0.4032,2024
4.5<potenza_impegnata<=6,Tutti,Maggior Tutela,12,287,0.3292,0.267,0.4038,2024
potenza_impegnata>6,Non Residente,Maggior Tutela,12,724,0.331,0.2423,0.4267,2024
potenza_impegnata>6,Residente,Maggior Tutela,12,593,0.3086,0.251,0.4404,2024
potenza_impegnata>6,Tutti,Maggior Tutela,12,625,0.319,0.247,0.4341,2024
0<potenza_impegnata<=1.5,Non Residente,Mercato Libero,12,34,0.3236,0.2467,0.4297,2024
0<potenza_impegnata<=1.5,Residente,Mercato Libero,12,68,0.2995,0.2683,0.4321,2024
0<potenza_impegnata<=1.5,Tutti,Mercato Libero,12,48,0.307,0.2619,0.4312,2024
1.5<potenza_impegnata<=3,Non Residente,Mercato Libero,12,114,0.3092,0.2803,0.4105,2024
1.5<potenza_impegnata<=3,Residente,Mercato Libero,12,153,0.3041,0.2841,0.4118,2024
1.5<potenza_impegnata<=3,Tutti,Mercato Libero,12,147,0.305,0.2833,0.4117,2024
3<potenza_impegnata<=4.5,Non Residente,Mercato Libero,12,193,0.3118,0.2763,0.4119,2024
3<potenza_impegnata<=4.5,Residente,Mercato Libero,12,243,0.3074,0.289,0.4036,2024
3<potenza_impegnata<=4.5,Tutti,Mercato Libero,12,234,0.3082,0.2864,0.4054,2024
4.5<potenza_impegnata<=6,Non Residente,Mercato Libero,12,282,0.3536,0.2569,0.3894,2024
4.5<potenza_impegnata<=6,Residente,Mercato Libero,12,343,0.3095,0.2751,0.4154,2024
4.5<potenza_impegnata<=6,Tutti,Mercato Libero,12,332,0.3203,0.2707,0.409,2024
potenza_impegnata>6,Non Residente,Mercato Libero,12,900,0.3393,0.2421,0.4186,2024
potenza_impegnata>6,Residente,Mercato Libero,12,778,0.3164,0.2535,0.43,2024
potenza_impegnata>6,Tutti,Mercato Libero,12,810,0.3238,0.2501,0.4262,2024
0<potenza_impegnata<=1.5,Non Residente,Servizio a tutele graduali domestici non vulnerabili,12,32,0.2902,0.2241,0.4857,2024
0<potenza_impegnata<=1.5,Residente,Servizio a tutele graduali domestici non vulnerabili,12,58,0.2938,0.2774,0.4289,2024
0<potenza_impegnata<=1.5,Tutti,Servizio a tutele graduali domestici non vulnerabili,12,46,0.2927,0.262,0.4453,2024
1.5<potenza_impegnata<=3,Non Residente,Servizio a tutele graduali domestici non vulnerabili,12,97,0.301,0.2782,0.4208,2024
1.5<potenza_impegnata<=3,Residente,Servizio a tutele graduali domestici non vulnerabili,12,145,0.2952,0.2856,0.4192,2024
1.5<potenza_impegnata<=3,Tutti,Servizio a tutele graduali domestici non vulnerabili,12,139,0.2959,0.2846,0.4194,2024
3<potenza_impegnata<=4.5,Non Residente,Servizio a tutele graduali domestici non vulnerabili,12,187,0.312,0.2774,0.4107,2024
3<potenza_impegnata<=4.5,Residente,Servizio a tutele graduali domestici non vulnerabili,12,237,0.3012,0.2881,0.4107,2024
3<potenza_impegnata<=4.5,Tutti,Servizio a tutele graduali domestici non vulnerabili,12,231,0.3027,0.2866,0.4107,2024
4.5<potenza_impegnata<=6,Non Residente,Servizio a tutele graduali domestici non vulnerabili,12,247,0.316,0.2612,0.4228,2024
4.5<potenza_impegnata<=6,Residente,Servizio a tutele graduali domestici non vulnerabili,12,309,0.3116,0.279,0.4095,2024
4.5<potenza_impegnata<=6,Tutti,Servizio a tutele graduali domestici non vulnerabili,12,301,0.3123,0.2763,0.4114,2024
potenza_impegnata>6,Non Residente,Servizio a tutele graduali domestici non vulnerabili,12,660,0.3738,0.2289,0.3974,2024
potenza_impegnata>6,Residente,Servizio a tutele graduali domestici non vulnerabili,12,684,0.3092,0.255,0.4358,2024
potenza_impegnata>6,Tutti,Servizio a tutele graduali domestici non vulnerabili,12,680,0.3223,0.2497,0.428,2024
0<potenza_impegnata<=1.5,Non Residente,Tutti,12,34,0.3095,0.2477,0.4428,2024
0<potenza_impegnata<=1.5,Residente,Tutti,12,67,0.303,0.2674,0.4296,2024
0<potenza_impegnata<=1.5,Tutti,Tutti,12,50,0.305,0.2621,0.4328,2024
1.5<potenza_impegnata<=3,Non Residente,Tutti,12,112,0.3088,0.28,0.4113,2024
1.5<potenza_impegnata<=3,Residente,Tutti,12,150,0.3043,0.2836,0.4122,2024
1.5<potenza_impegnata<=3,Tutti,Tutti,12,144,0.305,0.2829,0.4121,2024
3<potenza_impegnata<=4.5,Non Residente,Tutti,12,192,0.3126,0.276,0.4114,2024
3<potenza_impegnata<=4.5,Residente,Tutti,12,241,0.3075,0.2885,0.404,2024
3<potenza_impegnata<=4.5,Tutti,Tutti,12,233,0.3084,0.286,0.4056,2024
4.5<potenza_impegnata<=6,Non Residente,Tutti,12,279,0.3505,0.2575,0.3919,2024
4.5<potenza_impegnata<=6,Residente,Tutti,12,337,0.3105,0.2752,0.4143,2024
4.5<potenza_impegnata<=6,Tutti,Tutti,12,327,0.3199,0.2711,0.409,2024
potenza_impegnata>6,Non Residente,Tutti,12,869,0.3408,0.2412,0.4179,2024
potenza_impegnata>6,Residente,Tutti,12,753,0.3152,0.2536,0.4312,2024
potenza_impegnata>6,Tutti,Tutti,12,783,0.3233,0.2498,0.4268,2024
0<potenza_impegnata<=1.5,Non Residente,Maggior Tutela,02,27,0.3114,0.2959,0.3926,2024
0<potenza_impegnata<=1.5,Residente,Maggior Tutela,02,70,0.3354,0.3029,0.3617,2024
0<potenza_impegnata<=1.5,Tutti,Maggior Tutela,02,53,0.3298,0.3013,0.3689,2024
1.5<potenza_impegnata<=3,Non Residente,Maggior Tutela,02,84,0.3308,0.317,0.3522,2024
1.5<potenza_impegnata<=3,Residente,Maggior Tutela,02,112,0.332,0.3234,0.3446,2024
1.5<potenza_impegnata<=3,Tutti,Maggior Tutela,02,109,0.3319,0.3228,0.3453,2024
3<potenza_impegnata<=4.5,Non Residente,Maggior Tutela,02,152,0.339,0.315,0.346,2024
3<potenza_impegnata<=4.5,Residente,Maggior Tutela,02,182,0.3338,0.3273,0.339,2024
3<potenza_impegnata<=4.5,Tutti,Maggior Tutela,02,179,0.3343,0.3261,0.3397,2024
4.5<potenza_impegnata<=6,Non Residente,Maggior Tutela,02,203,0.3456,0.2933,0.3611,2024
4.5<potenza_impegnata<=6,Residente,Maggior Tutela,02,230,0.3403,0.3158,0.3439,2024
4.5<potenza_impegnata<=6,Tutti,Maggior Tutela,02,226,0.341,0.3126,0.3464,2024
potenza_impegnata>6,Non Residente,Maggior Tutela,02,482,0.3796,0.2629,0.3575,2024
potenza_impegnata>6,Residente,Maggior Tutela,02,477,0.3529,0.289,0.3581,2024
potenza_impegnata>6,Tutti,Maggior Tutela,02,478,0.3597,0.2824,0.3579,2024
0<potenza_impegnata<=1.5,Non Residente,Mercato Libero,02,30,0.3542,0.2782,0.3676,2024
0<potenza_impegnata<=1.5,Residente,Mercato Libero,02,61,0.341,0.2966,0.3624,2024
0<potenza_impegnata<=1.5,Tutti,Mercato Libero,02,44,0.3447,0.2913,0.3639,2024
1.5<potenza_impegnata<=3,Non Residente,Mercato Libero,02,99,0.3317,0.319,0.3493,2024
1.5<potenza_impegnata<=3,Residente,Mercato Libero,02,128,0.3361,0.3224,0.3415,2024
1.5<potenza_impegnata<=3,Tutti,Mercato Libero,02,123,0.3355,0.3219,0.3427,2024
3<potenza_impegnata<=4.5,Non Residente,Mercato Libero,02,162,0.3381,0.3171,0.3449,2024
3<potenza_impegnata<=4.5,Residente,Mercato Libero,02,196,0.3321,0.3318,0.3361,2024
3<potenza_impegnata<=4.5,Tutti,Mercato Libero,02,191,0.333,0.3293,0.3377,2024
4.5<potenza_impegnata<=6,Non Residente,Mercato Libero,02,217,0.3505,0.3006,0.3489,2024
4.5<potenza_impegnata<=6,Residente,Mercato Libero,02,260,0.3339,0.3164,0.3497,2024
4.5<potenza_impegnata<=6,Tutti,Mercato Libero,02,252,0.337,0.3135,0.3495,2024
potenza_impegnata>6,Non Residente,Mercato Libero,02,659,0.3748,0.2676,0.3576,2024
potenza_impegnata>6,Residente,Mercato Libero,02,551,0.3425,0.2854,0.3721,2024
potenza_impegnata>6,Tutti,Mercato Libero,02,580,0.3534,0.2792,0.3674,2024
0<potenza_impegnata<=1.5,Non Residente,Tutti,02,29,0.3418,0.2833,0.3748,2024
0<potenza_impegnata<=1.5,Residente,Tutti,02,64,0.339,0.2988,0.3622,2024
0<potenza_impegnata<=1.5,Tutti,Tutti,02,46,0.3398,0.2946,0.3656,2024
1.5<potenza_impegnata<=3,Non Residente,Tutti,02,96,0.3316,0.3187,0.3497,2024
1.5<potenza_impegnata<=3,Residente,Tutti,02,124,0.3352,0.3226,0.3422,2024
1.5<potenza_impegnata<=3,Tutti,Tutti,02,120,0.3348,0.3221,0.3432,2024
3<potenza_impegnata<=4.5,Non Residente,Tutti,02,161,0.3381,0.3169,0.345,2024
3<potenza_impegnata<=4.5,Residente,Tutti,02,194,0.3323,0.3311,0.3365,2024
3<potenza_impegnata<=4.5,Tutti,Tutti,02,189,0.3332,0.3289,0.3379,2024
4.5<potenza_impegnata<=6,Non Residente,Tutti,02,215,0.3498,0.2996,0.3505,2024
4.5<potenza_impegnata<=6,Residente,Tutti,02,254,0.335,0.3163,0.3487,2024
4.5<potenza_impegnata<=6,Tutti,Tutti,02,247,0.3376,0.3133,0.349,2024
potenza_impegnata>6,Non Residente,Tutti,02,628,0.3754,0.2669,0.3576,2024
potenza_impegnata>6,Residente,Tutti,02,534,0.3444,0.2861,0.3695,2024
potenza_impegnata>6,Tutti,Tutti,02,558,0.3545,0.2798,0.3658,2024
0<potenza_impegnata<=1.5,Non Residente,Maggior Tutela,01,32,0.3165,0.26,0.4235,2024
0<potenza_impegnata<=1.5,Residente,Maggior Tutela,01,70,0.3265,0.2689,0.4046,2024
0<potenza_impegnata<=1.5,Tutti,Maggior Tutela,01,55,0.3242,0.2668,0.409,2024
1.5<potenza_impegnata<=3,Non Residente,Maggior Tutela,01,101,0.3283,0.2822,0.3895,2024
1.5<potenza_impegnata<=3,Residente,Maggior Tutela,01,137,0.3309,0.2834,0.3857,2024
1.5<potenza_impegnata<=3,Tutti,Maggior Tutela,01,133,0.3306,0.2833,0.3861,2024
3<potenza_impegnata<=4.5,Non Residente,Maggior Tutela,01,186,0.3401,0.2751,0.3848,2024
3<potenza_impegnata<=4.5,Residente,Maggior Tutela,01,231,0.3947,0.2607,0.3446,2024
3<potenza_impegnata<=4.5,Tutti,Maggior Tutela,01,226,0.3898,0.262,0.3482,2024
4.5<potenza_impegnata<=6,Non Residente,Maggior Tutela,01,257,0.3432,0.259,0.3978,2024
4.5<potenza_impegnata<=6,Residente,Maggior Tutela,01,294,0.3372,0.2767,0.3861,2024
4.5<potenza_impegnata<=6,Tutti,Maggior Tutela,01,289,0.338,0.2743,0.3877,2024
potenza_impegnata>6,Non Residente,Maggior Tutela,01,646,0.3674,0.2323,0.4003,2024
potenza_impegnata>6,Residente,Maggior Tutela,01,637,0.3452,0.2532,0.4016,2024
potenza_impegnata>6,Tutti,Maggior Tutela,01,639,0.3507,0.248,0.4013,2024
0<potenza_impegnata<=1.5,Non Residente,Mercato Libero,01,39,0.3643,0.256,0.3797,2024
0<potenza_impegnata<=1.5,Residente,Mercato Libero,01,77,0.3365,0.2606,0.4029,2024
0<potenza_impegnata<=1.5,Tutti,Mercato Libero,01,56,0.3451,0.2591,0.3958,2024
1.5<potenza_impegnata<=3,Non Residente,Mercato Libero,01,117,0.3292,0.2847,0.3861,2024
1.5<potenza_impegnata<=3,Residente,Mercato Libero,01,158,0.3313,0.2971,0.3716,2024
1.5<potenza_impegnata<=3,Tutti,Mercato Libero,01,152,0.3311,0.2953,0.3736,2024
3<potenza_impegnata<=4.5,Non Residente,Mercato Libero,01,205,0.3085,0.3359,0.3556,2024
3<potenza_impegnata<=4.5,Residente,Mercato Libero,01,243,0.3305,0.2905,0.379,2024
3<potenza_impegnata<=4.5,Tutti,Mercato Libero,01,237,0.3265,0.2987,0.3748,2024
4.5<potenza_impegnata<=6,Non Residente,Mercato Libero,01,281,0.3446,0.2647,0.3907,2024
4.5<potenza_impegnata<=6,Residente,Mercato Libero,01,340,0.3319,0.2771,0.391,2024
4.5<potenza_impegnata<=6,Tutti,Mercato Libero,01,329,0.3342,0.2748,0.391,2024
potenza_impegnata>6,Non Residente,Mercato Libero,01,880,0.3642,0.236,0.3998,2024
potenza_impegnata>6,Residente,Mercato Libero,01,752,0.3358,0.2501,0.4141,2024
potenza_impegnata>6,Tutti,Mercato Libero,01,787,0.3449,0.2455,0.4095,2024
0<potenza_impegnata<=1.5,Non Residente,Tutti,01,37,0.3524,0.257,0.3906,2024
0<potenza_impegnata<=1.5,Residente,Tutti,01,74,0.3332,0.2633,0.4035,2024
0<potenza_impegnata<=1.5,Tutti,Tutti,01,56,0.3387,0.2615,0.3998,2024
1.5<potenza_impegnata<=3,Non Residente,Tutti,01,114,0.3291,0.2843,0.3866,2024
1.5<potenza_impegnata<=3,Residente,Tutti,01,152,0.3312,0.2942,0.3746,2024
1.5<potenza_impegnata<=3,Tutti,Tutti,01,147,0.331,0.2929,0.3761,2024
3<potenza_impegnata<=4.5,Non Residente,Tutti,01,203,0.311,0.331,0.358,2024
3<potenza_impegnata<=4.5,Residente,Tutti,01,241,0.3411,0.2856,0.3733,2024
3<potenza_impegnata<=4.5,Tutti,Tutti,01,235,0.336,0.2931,0.3708,2024
4.5<potenza_impegnata<=6,Non Residente,Tutti,01,278,0.3444,0.264,0.3916,2024
4.5<potenza_impegnata<=6,Residente,Tutti,01,331,0.3328,0.277,0.3902,2024
4.5<potenza_impegnata<=6,Tutti,Tutti,01,322,0.3348,0.2747,0.3904,2024
potenza_impegnata>6,Non Residente,Tutti,01,838,0.3647,0.2355,0.3998,2024
potenza_impegnata>6,Residente,Tutti,01,725,0.3375,0.2507,0.4118,2024
potenza_impegnata>6,Tutti,Tutti,01,754,0.3459,0.246,0.4081,2024
0<potenza_impegnata<=1.5,Non Residente,Maggior Tutela,06,25,0.2729,0.2881,0.4389,2024
0<potenza_impegnata<=1.5,Residente,Maggior Tutela,06,54,0.2956,0.3008,0.4036,2024
0<potenza_impegnata<=1.5,Tutti,Maggior Tutela,06,43,0.2906,0.2976,0.4118,2024
1.5<potenza_impegnata<=3,Non Residente,Maggior Tutela,06,84,0.3024,0.3058,0.3918,2024
1.5<potenza_impegnata<=3,Residente,Maggior Tutela,06,112,0.2985,0.3131,0.3884,2024
1.5<potenza_impegnata<=3,Tutti,Maggior Tutela,06,109,0.2989,0.3124,0.3887,2024
3<potenza_impegnata<=4.5,Non Residente,Maggior Tutela,06,146,0.3114,0.3026,0.386,2024
3<potenza_impegnata<=4.5,Residente,Maggior Tutela,06,177,0.3015,0.317,0.3815,2024
3<potenza_impegnata<=4.5,Tutti,Maggior Tutela,06,174,0.3025,0.3155,0.382,2024
4.5<potenza_impegnata<=6,Non Residente,Maggior Tutela,06,523,0.3227,0.2902,0.3871,2024
4.5<potenza_impegnata<=6,Residente,Maggior Tutela,06,213,0.3093,0.3079,0.3828,2024
4.5<potenza_impegnata<=6,Tutti,Maggior Tutela,06,255,0.3112,0.3054,0.3834,2024
potenza_impegnata>6,Non Residente,Maggior Tutela,06,503,0.3557,0.2648,0.3795,2024
potenza_impegnata>6,Residente,Maggior Tutela,06,483,0.3168,0.2847,0.3985,2024
potenza_impegnata>6,Tutti,Maggior Tutela,06,487,0.3278,0.2791,0.3931,2024
0<potenza_impegnata<=1.5,Non Residente,Mercato Libero,06,26,0.31,0.2794,0.4107,2024
0<potenza_impegnata<=1.5,Residente,Mercato Libero,06,58,0.2956,0.2972,0.4072,2024
0<potenza_impegnata<=1.5,Tutti,Mercato Libero,06,39,0.2992,0.2929,0.4079,2024
1.5<potenza_impegnata<=3,Non Residente,Mercato Libero,06,94,0.3012,0.3106,0.3882,2024
1.5<potenza_impegnata<=3,Residente,Mercato Libero,06,123,0.2949,0.3129,0.3922,2024
1.5<potenza_impegnata<=3,Tutti,Mercato Libero,06,118,0.2959,0.3125,0.3915,2024
3<potenza_impegnata<=4.5,Non Residente,Mercato Libero,06,150,0.3093,0.3119,0.3788,2024
3<potenza_impegnata<=4.5,Residente,Mercato Libero,06,188,0.3048,0.3248,0.3705,2024
3<potenza_impegnata<=4.5,Tutti,Mercato Libero,06,182,0.3055,0.3227,0.3718,2024
4.5<potenza_impegnata<=6,Non Residente,Mercato Libero,06,192,0.32,0.3017,0.3783,2024
4.5<potenza_impegnata<=6,Residente,Mercato Libero,06,219,0.3058,0.3117,0.3825,2024
4.5<potenza_impegnata<=6,Tutti,Mercato Libero,06,214,0.3086,0.3098,0.3817,2024
potenza_impegnata>6,Non Residente,Mercato Libero,06,654,0.3434,0.2718,0.3848,2024
potenza_impegnata>6,Residente,Mercato Libero,06,477,0.3174,0.286,0.3966,2024
potenza_impegnata>6,Tutti,Mercato Libero,06,524,0.3261,0.2813,0.3925,2024
0<potenza_impegnata<=1.5,Non Residente,Tutti,06,25,0.2986,0.2821,0.4193,2024
0<potenza_impegnata<=1.5,Residente,Tutti,06,56,0.2956,0.2984,0.406,2024
0<potenza_impegnata<=1.5,Tutti,Tutti,06,40,0.2965,0.2944,0.4092,2024
1.5<potenza_impegnata<=3,Non Residente,Tutti,06,93,0.3014,0.31,0.3886,2024
1.5<potenza_impegnata<=3,Residente,Tutti,06,120,0.2956,0.3129,0.3915,2024
1.5<potenza_impegnata<=3,Tutti,Tutti,06,116,0.2965,0.3125,0.391,2024
3<potenza_impegnata<=4.5,Non Residente,Tutti,06,149,0.3095,0.3112,0.3793,2024
3<potenza_impegnata<=4.5,Residente,Tutti,06,187,0.3044,0.3238,0.3718,2024
3<potenza_impegnata<=4.5,Tutti,Tutti,06,181,0.3052,0.3219,0.373,2024
4.5<potenza_impegnata<=6,Non Residente,Tutti,06,235,0.3203,0.3003,0.3793,2024
4.5<potenza_impegnata<=6,Residente,Tutti,06,218,0.3064,0.3111,0.3825,2024
4.5<potenza_impegnata<=6,Tutti,Tutti,06,220,0.309,0.3091,0.3819,2024
potenza_impegnata>6,Non Residente,Tutti,06,630,0.3453,0.2707,0.384,2024
potenza_impegnata>6,Residente,Tutti,06,478,0.3173,0.2858,0.3969,2024
potenza_impegnata>6,Tutti,Tutti,06,516,0.3264,0.2809,0.3926,2024
0<potenza_impegnata<=1.5,Non Residente,Maggior Tutela,07,29,0.3037,0.2645,0.4318,2024
0<potenza_impegnata<=1.5,Residente,Maggior Tutela,07,72,0.3426,0.2726,0.3848,2024
0<potenza_impegnata<=1.5,Tutti,Maggior Tutela,07,56,0.3357,0.2711,0.3932,2024
1.5<potenza_impegnata<=3,Non Residente,Maggior Tutela,07,107,0.3305,0.2792,0.3903,2024
1.5<potenza_impegnata<=3,Residente,Maggior Tutela,07,148,0.3411,0.286,0.3728,2024
1.5<potenza_impegnata<=3,Tutti,Maggior Tutela,07,146,0.3406,0.2857,0.3738,2024
3<potenza_impegnata<=4.5,Non Residente,Maggior Tutela,07,194,0.3475,0.2823,0.3702,2024
3<potenza_impegnata<=4.5,Residente,Maggior Tutela,07,240,0.3541,0.2878,0.3581,2024
3<potenza_impegnata<=4.5,Tutti,Maggior Tutela,07,235,0.3534,0.2873,0.3593,2024
4.5<potenza_impegnata<=6,Non Residente,Maggior Tutela,07,273,0.3762,0.2659,0.358,2024
4.5<potenza_impegnata<=6,Residente,Maggior Tutela,07,290,0.362,0.2844,0.3537,2024
4.5<potenza_impegnata<=6,Tutti,Maggior Tutela,07,287,0.3647,0.2808,0.3545,2024
potenza_impegnata>6,Non Residente,Maggior Tutela,07,814,0.3734,0.2519,0.3747,2024
potenza_impegnata>6,Residente,Maggior Tutela,07,632,0.3738,0.2641,0.362,2024
potenza_impegnata>6,Tutti,Maggior Tutela,07,680,0.3736,0.259,0.3674,2024
0<potenza_impegnata<=1.5,Non Residente,Mercato Libero,07,36,0.3466,0.2558,0.3976,2024
0<potenza_impegnata<=1.5,Residente,Mercato Libero,07,76,0.3257,0.2748,0.3996,2024
0<potenza_impegnata<=1.5,Tutti,Mercato Libero,07,53,0.3311,0.27,0.3989,2024
1.5<potenza_impegnata<=3,Non Residente,Mercato Libero,07,130,0.3222,0.2842,0.3936,2024
1.5<potenza_impegnata<=3,Residente,Mercato Libero,07,177,0.3235,0.2916,0.385,2024
1.5<potenza_impegnata<=3,Tutti,Mercato Libero,07,170,0.3233,0.2903,0.3863,2024
3<potenza_impegnata<=4.5,Non Residente,Mercato Libero,07,207,0.3351,0.2902,0.3747,2024
3<potenza_impegnata<=4.5,Residente,Mercato Libero,07,272,0.3332,0.3015,0.3654,2024
3<potenza_impegnata<=4.5,Tutti,Mercato Libero,07,261,0.3336,0.2995,0.3669,2024
4.5<potenza_impegnata<=6,Non Residente,Mercato Libero,07,270,0.3491,0.278,0.3729,2024
4.5<potenza_impegnata<=6,Residente,Mercato Libero,07,321,0.3363,0.2899,0.3738,2024
4.5<potenza_impegnata<=6,Tutti,Mercato Libero,07,311,0.3388,0.2876,0.3735,2024
potenza_impegnata>6,Non Residente,Mercato Libero,07,861,0.3817,0.2533,0.365,2024
potenza_impegnata>6,Residente,Mercato Libero,07,709,0.3498,0.2715,0.3787,2024
potenza_impegnata>6,Tutti,Mercato Libero,07,748,0.36,0.2658,0.3741,2024
0<potenza_impegnata<=1.5,Non Residente,Servizio a tutele graduali domestici non vulnerabili,07,28,0.3132,0.2522,0.4345,2024
0<potenza_impegnata<=1.5,Residente,Servizio a tutele graduali domestici non vulnerabili,07,71,0.2757,0.2904,0.4339,2024
0<potenza_impegnata<=1.5,Tutti,Servizio a tutele graduali domestici non vulnerabili,07,52,0.2841,0.2762,0.4397,2024
1.5<potenza_impegnata<=3,Non Residente,Servizio a tutele graduali domestici non vulnerabili,07,116,0.3203,0.2875,0.3923,2024
1.5<potenza_impegnata<=3,Residente,Servizio a tutele graduali domestici non vulnerabili,07,171,0.3128,0.2942,0.3931,2024
1.5<potenza_impegnata<=3,Tutti,Servizio a tutele graduali domestici non vulnerabili,07,165,0.3136,0.2934,0.393,2024
3<potenza_impegnata<=4.5,Non Residente,Servizio a tutele graduali domestici non vulnerabili,07,205,0.341,0.2768,0.3822,2024
3<potenza_impegnata<=4.5,Residente,Servizio a tutele graduali domestici non vulnerabili,07,274,0.3243,0.2951,0.3806,2024
3<potenza_impegnata<=4.5,Tutti,Servizio a tutele graduali domestici non vulnerabili,07,267,0.3261,0.2931,0.3808,2024
4.5<potenza_impegnata<=6,Non Residente,Servizio a tutele graduali domestici non vulnerabili,07,255,0.356,0.2768,0.3673,2024
4.5<potenza_impegnata<=6,Residente,Servizio a tutele graduali domestici non vulnerabili,07,329,0.3365,0.288,0.3755,2024
4.5<potenza_impegnata<=6,Tutti,Servizio a tutele graduali domestici non vulnerabili,07,319,0.3386,0.2868,0.3746,2024
potenza_impegnata>6,Non Residente,Servizio a tutele graduali domestici non vulnerabili,07,649,0.403,0.2342,0.3627,2024
potenza_impegnata>6,Residente,Servizio a tutele graduali domestici non vulnerabili,07,728,0.3516,0.2684,0.38,2024
potenza_impegnata>6,Tutti,Servizio a tutele graduali domestici non vulnerabili,07,713,0.3624,0.2612,0.3764,2024
0<potenza_impegnata<=1.5,Non Residente,Tutti,07,34,0.335,0.2566,0.4084,2024
0<potenza_impegnata<=1.5,Residente,Tutti,07,75,0.3248,0.2757,0.3994,2024
0<potenza_impegnata<=1.5,Tutti,Tutti,07,54,0.3269,0.2709,0.4022,2024
1.5<potenza_impegnata<=3,Non Residente,Tutti,07,128,0.3223,0.2843,0.3934,2024
1.5<potenza_impegnata<=3,Residente,Tutti,07,173,0.3238,0.2914,0.3848,2024
1.5<potenza_impegnata<=3,Tutti,Tutti,07,167,0.3236,0.2903,0.3861,2024
3<potenza_impegnata<=4.5,Non Residente,Tutti,07,207,0.3357,0.2893,0.3751,2024
3<potenza_impegnata<=4.5,Residente,Tutti,07,271,0.333,0.3005,0.3665,2024
3<potenza_impegnata<=4.5,Tutti,Tutti,07,261,0.3335,0.2987,0.3679,2024
4.5<potenza_impegnata<=6,Non Residente,Tutti,07,268,0.3507,0.2774,0.3719,2024
4.5<potenza_impegnata<=6,Residente,Tutti,07,320,0.3373,0.2895,0.3733,2024
4.5<potenza_impegnata<=6,Tutti,Tutti,07,311,0.3398,0.2873,0.3729,2024
potenza_impegnata>6,Non Residente,Tutti,07,838,0.3827,0.2516,0.3657,2024
potenza_impegnata>6,Residente,Tutti,07,707,0.3514,0.2706,0.378,2024
potenza_impegnata>6,Tutti,Tutti,07,739,0.3612,0.2648,0.374,2024
0<potenza_impegnata<=1.5,Non Residente,Maggior Tutela,05,27,0.3097,0.2711,0.4192,2024
0<potenza_impegnata<=1.5,Residente,Maggior Tutela,05,56,0.3165,0.2912,0.3923,2024
0<potenza_impegnata<=1.5,Tutti,Maggior Tutela,05,45,0.3144,0.2865,0.399,2024
1.5<potenza_impegnata<=3,Non Residente,Maggior Tutela,05,84,0.324,0.3007,0.3753,2024
1.5<potenza_impegnata<=3,Residente,Maggior Tutela,05,113,0.3222,0.3053,0.3725,2024
1.5<potenza_impegnata<=3,Tutti,Maggior Tutela,05,110,0.3224,0.3049,0.3727,2024
3<potenza_impegnata<=4.5,Non Residente,Maggior Tutela,05,146,0.3319,0.2973,0.3709,2024
3<potenza_impegnata<=4.5,Residente,Maggior Tutela,05,182,0.3255,0.3116,0.3629,2024
3<potenza_impegnata<=4.5,Tutti,Maggior Tutela,05,178,0.3261,0.3102,0.3637,2024
4.5<potenza_impegnata<=6,Non Residente,Maggior Tutela,05,185,0.3453,0.2839,0.3708,2024
4.5<potenza_impegnata<=6,Residente,Maggior Tutela,05,218,0.334,0.2996,0.3664,2024
4.5<potenza_impegnata<=6,Tutti,Maggior Tutela,05,213,0.3355,0.2975,0.3669,2024
potenza_impegnata>6,Non Residente,Maggior Tutela,05,460,0.3837,0.2526,0.3636,2024
potenza_impegnata>6,Residente,Maggior Tutela,05,435,0.3505,0.2681,0.3814,2024
potenza_impegnata>6,Tutti,Maggior Tutela,05,440,0.3592,0.2641,0.3767,2024
0<potenza_impegnata<=1.5,Non Residente,Mercato Libero,05,26,0.3359,0.2683,0.3958,2024
0<potenza_impegnata<=1.5,Residente,Mercato Libero,05,61,0.3197,0.2864,0.3939,2024
0<potenza_impegnata<=1.5,Tutti,Mercato Libero,05,41,0.3238,0.282,0.3942,2024
1.5<potenza_impegnata<=3,Non Residente,Mercato Libero,05,97,0.3159,0.2981,0.386,2024
1.5<potenza_impegnata<=3,Residente,Mercato Libero,05,126,0.3224,0.3097,0.3679,2024
1.5<potenza_impegnata<=3,Tutti,Mercato Libero,05,121,0.3214,0.3078,0.3708,2024
3<potenza_impegnata<=4.5,Non Residente,Mercato Libero,05,152,0.3301,0.3081,0.3618,2024
3<potenza_impegnata<=4.5,Residente,Mercato Libero,05,195,0.3271,0.3169,0.3559,2024
3<potenza_impegnata<=4.5,Tutti,Mercato Libero,05,188,0.3276,0.3155,0.357,2024
4.5<potenza_impegnata<=6,Non Residente,Mercato Libero,05,193,0.3457,0.2922,0.3621,2024
4.5<potenza_impegnata<=6,Residente,Mercato Libero,05,226,0.3299,0.303,0.3671,2024
4.5<potenza_impegnata<=6,Tutti,Mercato Libero,05,220,0.3329,0.301,0.3661,2024
potenza_impegnata>6,Non Residente,Mercato Libero,05,617,0.3686,0.2554,0.376,2024
potenza_impegnata>6,Residente,Mercato Libero,05,454,0.3431,0.2743,0.3826,2024
potenza_impegnata>6,Tutti,Mercato Libero,05,498,0.3519,0.2679,0.3802,2024
0<potenza_impegnata<=1.5,Non Residente,Tutti,05,26,0.3277,0.2692,0.4031,2024
0<potenza_impegnata<=1.5,Residente,Tutti,05,59,0.3186,0.2881,0.3933,2024
0<potenza_impegnata<=1.5,Tutti,Tutti,05,42,0.3207,0.2835,0.3958,2024
1.5<potenza_impegnata<=3,Non Residente,Tutti,05,95,0.3169,0.2984,0.3848,2024
1.5<potenza_impegnata<=3,Residente,Tutti,05,123,0.3224,0.3088,0.3689,2024
1.5<potenza_impegnata<=3,Tutti,Tutti,05,119,0.3216,0.3072,0.3712,2024
3<potenza_impegnata<=4.5,Non Residente,Tutti,05,152,0.3302,0.3073,0.3625,2024
3<potenza_impegnata<=4.5,Residente,Tutti,05,193,0.3269,0.3163,0.3568,2024
3<potenza_impegnata<=4.5,Tutti,Tutti,05,186,0.3274,0.3149,0.3577,2024
4.5<potenza_impegnata<=6,Non Residente,Tutti,05,192,0.3456,0.2912,0.3632,2024
4.5<potenza_impegnata<=6,Residente,Tutti,05,225,0.3306,0.3024,0.367,2024
4.5<potenza_impegnata<=6,Tutti,Tutti,05,219,0.3333,0.3004,0.3663,2024
potenza_impegnata>6,Non Residente,Tutti,05,592,0.3708,0.255,0.3743,2024
potenza_impegnata>6,Residente,Tutti,05,450,0.3445,0.2731,0.3824,2024
potenza_impegnata>6,Tutti,Tutti,05,486,0.3532,0.2673,0.3796,2024
0<potenza_impegnata<=1.5,Non Residente,Maggior Tutela,03,39,0.2908,0.3139,0.3953,2024
0<potenza_impegnata<=1.5,Residente,Maggior Tutela,03,57,0.3049,0.3104,0.3846,2024
0<potenza_impegnata<=1.5,Tutti,Maggior Tutela,03,51,0.2999,0.3117,0.3884,2024
1.5<potenza_impegnata<=3,Non Residente,Maggior Tutela,03,89,0.3094,0.3207,0.3699,2024
1.5<potenza_impegnata<=3,Residente,Maggior Tutela,03,124,0.3043,0.3267,0.369,2024
1.5<potenza_impegnata<=3,Tutti,Maggior Tutela,03,121,0.3047,0.3262,0.3691,2024
3<potenza_impegnata<=4.5,Non Residente,Maggior Tutela,03,160,0.3185,0.3182,0.3633,2024
3<potenza_impegnata<=4.5,Residente,Maggior Tutela,03,200,0.3075,0.3339,0.3586,2024
3<potenza_impegnata<=4.5,Tutti,Maggior Tutela,03,196,0.3086,0.3324,0.359,2024
4.5<potenza_impegnata<=6,Non Residente,Maggior Tutela,03,211,0.3243,0.3018,0.3739,2024
4.5<potenza_impegnata<=6,Residente,Maggior Tutela,03,248,0.3147,0.3224,0.3629,2024
4.5<potenza_impegnata<=6,Tutti,Maggior Tutela,03,243,0.3159,0.3196,0.3644,2024
potenza_impegnata>6,Non Residente,Maggior Tutela,03,517,0.3651,0.2681,0.3668,2024
potenza_impegnata>6,Residente,Maggior Tutela,03,507,0.3207,0.2946,0.3847,2024
potenza_impegnata>6,Tutti,Maggior Tutela,03,509,0.3325,0.2876,0.38,2024
0<potenza_impegnata<=1.5,Non Residente,Mercato Libero,03,32,0.318,0.2881,0.3939,2024
0<potenza_impegnata<=1.5,Residente,Mercato Libero,03,64,0.3118,0.3053,0.3828,2024
0<potenza_impegnata<=1.5,Tutti,Mercato Libero,03,46,0.3138,0.3001,0.3861,2024
1.5<potenza_impegnata<=3,Non Residente,Mercato Libero,03,105,0.3103,0.3241,0.3656,2024
1.5<potenza_impegnata<=3,Residente,Mercato Libero,03,139,0.301,0.3228,0.3762,2024
1.5<potenza_impegnata<=3,Tutti,Mercato Libero,03,134,0.3025,0.323,0.3746,2024
3<potenza_impegnata<=4.5,Non Residente,Mercato Libero,03,172,0.3159,0.3236,0.3605,2024
3<potenza_impegnata<=4.5,Residente,Mercato Libero,03,218,0.3093,0.3383,0.3524,2024
3<potenza_impegnata<=4.5,Tutti,Mercato Libero,03,211,0.3103,0.336,0.3538,2024
4.5<potenza_impegnata<=6,Non Residente,Mercato Libero,03,225,0.3259,0.3089,0.3653,2024
4.5<potenza_impegnata<=6,Residente,Mercato Libero,03,272,0.3084,0.3243,0.3673,2024
4.5<potenza_impegnata<=6,Tutti,Mercato Libero,03,263,0.3116,0.3214,0.367,2024
potenza_impegnata>6,Non Residente,Mercato Libero,03,723,0.3461,0.2768,0.3771,2024
potenza_impegnata>6,Residente,Mercato Libero,03,573,0.3147,0.2938,0.3915,2024
potenza_impegnata>6,Tutti,Mercato Libero,03,612,0.3249,0.2882,0.3869,2024
0<potenza_impegnata<=1.5,Non Residente,Tutti,03,33,0.3067,0.2988,0.3945,2024
0<potenza_impegnata<=1.5,Residente,Tutti,03,62,0.3094,0.3071,0.3835,2024
0<potenza_impegnata<=1.5,Tutti,Tutti,03,47,0.3087,0.3044,0.387,2024
1.5<potenza_impegnata<=3,Non Residente,Tutti,03,102,0.3102,0.3237,0.3661,2024
1.5<potenza_impegnata<=3,Residente,Tutti,03,135,0.3017,0.3236,0.3746,2024
1.5<potenza_impegnata<=3,Tutti,Tutti,03,131,0.3029,0.3236,0.3735,2024
3<potenza_impegnata<=4.5,Non Residente,Tutti,03,171,0.3161,0.3232,0.3607,2024
3<potenza_impegnata<=4.5,Residente,Tutti,03,216,0.309,0.3377,0.3532,2024
3<potenza_impegnata<=4.5,Tutti,Tutti,03,209,0.3101,0.3355,0.3544,2024
4.5<potenza_impegnata<=6,Non Residente,Tutti,03,223,0.3257,0.308,0.3664,2024
4.5<potenza_impegnata<=6,Residente,Tutti,03,267,0.3094,0.324,0.3666,2024
4.5<potenza_impegnata<=6,Tutti,Tutti,03,260,0.3123,0.3211,0.3666,2024
potenza_impegnata>6,Non Residente,Tutti,03,687,0.3488,0.2756,0.3756,2024
potenza_impegnata>6,Residente,Tutti,03,558,0.3158,0.2939,0.3903,2024
potenza_impegnata>6,Tutti,Tutti,03,590,0.3262,0.2881,0.3857,2024
0<potenza_impegnata<=1.5,Non Residente,Maggior Tutela,11,32,0.2635,0.3024,0.4341,2024
0<potenza_impegnata<=1.5,Residente,Maggior Tutela,11,62,0.3207,0.2939,0.3854,2024
0<potenza_impegnata<=1.5,Tutti,Maggior Tutela,11,51,0.3117,0.2952,0.3931,2024
1.5<potenza_impegnata<=3,Non Residente,Maggior Tutela,11,93,0.3261,0.3105,0.3634,2024
1.5<potenza_impegnata<=3,Residente,Maggior Tutela,11,118,0.323,0.3149,0.3622,2024
1.5<potenza_impegnata<=3,Tutti,Maggior Tutela,11,116,0.3232,0.3146,0.3622,2024
3<potenza_impegnata<=4.5,Non Residente,Maggior Tutela,11,172,0.3584,0.2984,0.3432,2024
3<potenza_impegnata<=4.5,Residente,Maggior Tutela,11,198,0.3359,0.3158,0.3482,2024
3<potenza_impegnata<=4.5,Tutti,Maggior Tutela,11,195,0.3385,0.3139,0.3476,2024
4.5<potenza_impegnata<=6,Non Residente,Maggior Tutela,11,238,0.3453,0.3006,0.3541,2024
4.5<potenza_impegnata<=6,Residente,Maggior Tutela,11,258,0.3408,0.3047,0.3545,2024
4.5<potenza_impegnata<=6,Tutti,Maggior Tutela,11,255,0.3417,0.3039,0.3544,2024
potenza_impegnata>6,Non Residente,Maggior Tutela,11,644,0.3536,0.2753,0.371,2024
potenza_impegnata>6,Residente,Maggior Tutela,11,518,0.3332,0.2984,0.3684,2024
potenza_impegnata>6,Tutti,Maggior Tutela,11,549,0.3423,0.2881,0.3695,2024
0<potenza_impegnata<=1.5,Non Residente,Mercato Libero,11,33,0.3413,0.2748,0.3839,2024
0<potenza_impegnata<=1.5,Residente,Mercato Libero,11,63,0.3064,0.3072,0.3865,2024
0<potenza_impegnata<=1.5,Tutti,Mercato Libero,11,45,0.3162,0.2981,0.3857,2024
1.5<potenza_impegnata<=3,Non Residente,Mercato Libero,11,111,0.3106,0.3253,0.3641,2024
1.5<potenza_impegnata<=3,Residente,Mercato Libero,11,142,0.309,0.3294,0.3616,2024
1.5<potenza_impegnata<=3,Tutti,Mercato Libero,11,137,0.3094,0.3286,0.362,2024
3<potenza_impegnata<=4.5,Non Residente,Mercato Libero,11,186,0.3161,0.3241,0.3598,2024
3<potenza_impegnata<=4.5,Residente,Mercato Libero,11,225,0.3116,0.337,0.3514,2024
3<potenza_impegnata<=4.5,Tutti,Mercato Libero,11,219,0.3126,0.3343,0.3531,2024
4.5<potenza_impegnata<=6,Non Residente,Mercato Libero,11,302,0.3338,0.3074,0.3587,2024
4.5<potenza_impegnata<=6,Residente,Mercato Libero,11,307,0.3181,0.3225,0.3594,2024
4.5<potenza_impegnata<=6,Tutti,Mercato Libero,11,306,0.3214,0.3193,0.3592,2024
potenza_impegnata>6,Non Residente,Mercato Libero,11,802,0.3563,0.2776,0.3661,2024
potenza_impegnata>6,Residente,Mercato Libero,11,668,0.3342,0.295,0.3708,2024
potenza_impegnata>6,Tutti,Mercato Libero,11,704,0.3411,0.2896,0.3693,2024
0<potenza_impegnata<=1.5,Non Residente,Servizio a tutele graduali domestici non vulnerabili,11,31,0.3096,0.2611,0.4293,2024
0<potenza_impegnata<=1.5,Residente,Servizio a tutele graduali domestici non vulnerabili,11,58,0.2861,0.3178,0.3961,2024
0<potenza_impegnata<=1.5,Tutti,Servizio a tutele graduali domestici non vulnerabili,11,46,0.293,0.3013,0.4058,2024
1.5<potenza_impegnata<=3,Non Residente,Servizio a tutele graduali domestici non vulnerabili,11,96,0.3041,0.3235,0.3725,2024
1.5<potenza_impegnata<=3,Residente,Servizio a tutele graduali domestici non vulnerabili,11,136,0.2984,0.3315,0.3701,2024
1.5<potenza_impegnata<=3,Tutti,Servizio a tutele graduali domestici non vulnerabili,11,131,0.2991,0.3305,0.3704,2024
3<potenza_impegnata<=4.5,Non Residente,Servizio a tutele graduali domestici non vulnerabili,11,178,0.3234,0.3182,0.3584,2024
3<potenza_impegnata<=4.5,Residente,Servizio a tutele graduali domestici non vulnerabili,11,222,0.3045,0.3351,0.3604,2024
3<potenza_impegnata<=4.5,Tutti,Servizio a tutele graduali domestici non vulnerabili,11,217,0.3073,0.3326,0.3601,2024
4.5<potenza_impegnata<=6,Non Residente,Servizio a tutele graduali domestici non vulnerabili,11,235,0.3283,0.3074,0.3643,2024
4.5<potenza_impegnata<=6,Residente,Servizio a tutele graduali domestici non vulnerabili,11,283,0.3223,0.322,0.3557,2024
4.5<potenza_impegnata<=6,Tutti,Servizio a tutele graduali domestici non vulnerabili,11,277,0.3232,0.3198,0.357,2024
potenza_impegnata>6,Non Residente,Servizio a tutele graduali domestici non vulnerabili,11,557,0.397,0.2565,0.3465,2024
potenza_impegnata>6,Residente,Servizio a tutele graduali domestici non vulnerabili,11,594,0.3359,0.2906,0.3735,2024
potenza_impegnata>6,Tutti,Servizio a tutele graduali domestici non vulnerabili,11,587,0.3494,0.2831,0.3675,2024
0<potenza_impegnata<=1.5,Non Residente,Tutti,11,33,0.3261,0.2772,0.3967,2024
0<potenza_impegnata<=1.5,Residente,Tutti,11,62,0.3082,0.3047,0.3871,2024
0<potenza_impegnata<=1.5,Tutti,Tutti,11,46,0.3127,0.2978,0.3895,2024
1.5<potenza_impegnata<=3,Non Residente,Tutti,11,109,0.3106,0.3248,0.3647,2024
1.5<potenza_impegnata<=3,Residente,Tutti,11,139,0.3092,0.3283,0.3625,2024
1.5<potenza_impegnata<=3,Tutti,Tutti,11,135,0.3095,0.3276,0.3628,2024
3<potenza_impegnata<=4.5,Non Residente,Tutti,11,185,0.3173,0.3233,0.3594,2024
3<potenza_impegnata<=4.5,Residente,Tutti,11,224,0.3118,0.3361,0.352,2024
3<potenza_impegnata<=4.5,Tutti,Tutti,11,218,0.313,0.3335,0.3535,2024
4.5<potenza_impegnata<=6,Non Residente,Tutti,11,295,0.3339,0.3072,0.359,2024
4.5<potenza_impegnata<=6,Residente,Tutti,11,302,0.3194,0.3218,0.3588,2024
4.5<potenza_impegnata<=6,Tutti,Tutti,11,301,0.3224,0.3188,0.3588,2024
potenza_impegnata>6,Non Residente,Tutti,11,771,0.3589,0.2759,0.3652,2024
potenza_impegnata>6,Residente,Tutti,11,648,0.3343,0.2947,0.371,2024
potenza_impegnata>6,Tutti,Tutti,11,680,0.342,0.2888,0.3691,2024
0<potenza_impegnata<=1.5,Non Residente,Maggior Tutela,10,29,0.3078,0.2932,0.399,2024
0<potenza_impegnata<=1.5,Residente,Maggior Tutela,10,63,0.3463,0.2953,0.3583,2024
0<potenza_impegnata<=1.5,Tutti,Maggior Tutela,10,51,0.3393,0.295,0.3658,2024
1.5<potenza_impegnata<=3,Non Residente,Maggior Tutela,10,87,0.3498,0.3055,0.3447,2024
1.5<potenza_impegnata<=3,Residente,Maggior Tutela,10,116,0.3572,0.3095,0.3333,2024
1.5<potenza_impegnata<=3,Tutti,Maggior Tutela,10,114,0.3568,0.3092,0.334,2024
3<potenza_impegnata<=4.5,Non Residente,Maggior Tutela,10,157,0.366,0.3011,0.3329,2024
3<potenza_impegnata<=4.5,Residente,Maggior Tutela,10,192,0.3649,0.3111,0.324,2024
3<potenza_impegnata<=4.5,Tutti,Maggior Tutela,10,188,0.3649,0.31,0.3251,2024
4.5<potenza_impegnata<=6,Non Residente,Maggior Tutela,10,211,0.3841,0.2878,0.3281,2024
4.5<potenza_impegnata<=6,Residente,Maggior Tutela,10,243,0.3688,0.3009,0.3302,2024
4.5<potenza_impegnata<=6,Tutti,Maggior Tutela,10,238,0.3715,0.2987,0.3298,2024
potenza_impegnata>6,Non Residente,Maggior Tutela,10,570,0.3858,0.272,0.3422,2024
potenza_impegnata>6,Residente,Maggior Tutela,10,483,0.3652,0.2827,0.352,2024
potenza_impegnata>6,Tutti,Maggior Tutela,10,505,0.3731,0.2786,0.3482,2024
0<potenza_impegnata<=1.5,Non Residente,Mercato Libero,10,30,0.3356,0.2792,0.3852,2024
0<potenza_impegnata<=1.5,Residente,Mercato Libero,10,61,0.3341,0.3046,0.3614,2024
0<potenza_impegnata<=1.5,Tutti,Mercato Libero,10,43,0.3345,0.297,0.3685,2024
1.5<potenza_impegnata<=3,Non Residente,Mercato Libero,10,127,0.1686,0.6617,0.1696,2024
1.5<potenza_impegnata<=3,Residente,Mercato Libero,10,137,0.3452,0.3201,0.3347,2024
1.5<potenza_impegnata<=3,Tutti,Mercato Libero,10,135,0.2916,0.4239,0.2845,2024
3<potenza_impegnata<=4.5,Non Residente,Mercato Libero,10,172,0.3424,0.3143,0.3433,2024
3<potenza_impegnata<=4.5,Residente,Mercato Libero,10,213,0.3421,0.332,0.3259,2024
3<potenza_impegnata<=4.5,Tutti,Mercato Libero,10,206,0.3422,0.3284,0.3294,2024
4.5<potenza_impegnata<=6,Non Residente,Mercato Libero,10,221,0.3644,0.3016,0.334,2024
4.5<potenza_impegnata<=6,Residente,Mercato Libero,10,266,0.3553,0.3157,0.329,2024
4.5<potenza_impegnata<=6,Tutti,Mercato Libero,10,257,0.3571,0.3128,0.3301,2024
potenza_impegnata>6,Non Residente,Mercato Libero,10,676,0.3833,0.2669,0.3497,2024
potenza_impegnata>6,Residente,Mercato Libero,10,550,0.3686,0.2881,0.3432,2024
potenza_impegnata>6,Tutti,Mercato Libero,10,585,0.3737,0.2816,0.3447,2024
0<potenza_impegnata<=1.5,Non Residente,Servizio a tutele graduali domestici non vulnerabili,10,31,0.3429,0.2705,0.3866,2024
0<potenza_impegnata<=1.5,Residente,Servizio a tutele graduali domestici non vulnerabili,10,56,0.3037,0.3152,0.3811,2024
0<potenza_impegnata<=1.5,Tutti,Servizio a tutele graduali domestici non vulnerabili,10,45,0.314,0.3034,0.3826,2024
1.5<potenza_impegnata<=3,Non Residente,Servizio a tutele graduali domestici non vulnerabili,10,93,0.3333,0.3173,0.3494,2024
1.5<potenza_impegnata<=3,Residente,Servizio a tutele graduali domestici non vulnerabili,10,132,0.3292,0.325,0.3458,2024
1.5<potenza_impegnata<=3,Tutti,Servizio a tutele graduali domestici non vulnerabili,10,128,0.3297,0.324,0.3463,2024
3<potenza_impegnata<=4.5,Non Residente,Servizio a tutele graduali domestici non vulnerabili,10,166,0.3449,0.308,0.347,2024
3<potenza_impegnata<=4.5,Residente,Servizio a tutele graduali domestici non vulnerabili,10,215,0.3342,0.3315,0.3344,2024
3<potenza_impegnata<=4.5,Tutti,Servizio a tutele graduali domestici non vulnerabili,10,209,0.3356,0.3284,0.336,2024
4.5<potenza_impegnata<=6,Non Residente,Servizio a tutele graduali domestici non vulnerabili,10,215,0.3682,0.296,0.3358,2024
4.5<potenza_impegnata<=6,Residente,Servizio a tutele graduali domestici non vulnerabili,10,260,0.3509,0.3178,0.3313,2024
4.5<potenza_impegnata<=6,Tutti,Servizio a tutele graduali domestici non vulnerabili,10,254,0.3533,0.3148,0.3319,2024
potenza_impegnata>6,Non Residente,Servizio a tutele graduali domestici non vulnerabili,10,476,0.4211,0.2521,0.3268,2024
potenza_impegnata>6,Residente,Servizio a tutele graduali domestici non vulnerabili,10,525,0.3649,0.2874,0.3477,2024
potenza_impegnata>6,Tutti,Servizio a tutele graduali domestici non vulnerabili,10,516,0.3775,0.2795,0.3431,2024
0<potenza_impegnata<=1.5,Non Residente,Tutti,10,30,0.3318,0.2806,0.3877,2024
0<potenza_impegnata<=1.5,Residente,Tutti,10,61,0.3341,0.3032,0.3627,2024
0<potenza_impegnata<=1.5,Tutti,Tutti,10,44,0.3335,0.2972,0.3693,2024
1.5<potenza_impegnata<=3,Non Residente,Tutti,10,122,0.1779,0.6427,0.1794,2024
1.5<potenza_impegnata<=3,Residente,Tutti,10,135,0.3447,0.3196,0.3357,2024
1.5<potenza_impegnata<=3,Tutti,Tutti,10,133,0.2993,0.4076,0.2931,2024
3<potenza_impegnata<=4.5,Non Residente,Tutti,10,171,0.3429,0.3137,0.3433,2024
3<potenza_impegnata<=4.5,Residente,Tutti,10,212,0.3422,0.3313,0.3265,2024
3<potenza_impegnata<=4.5,Tutti,Tutti,10,206,0.3424,0.3278,0.3298,2024
4.5<potenza_impegnata<=6,Non Residente,Tutti,10,220,0.3653,0.3007,0.3339,2024
4.5<potenza_impegnata<=6,Residente,Tutti,10,264,0.3553,0.3154,0.3293,2024
4.5<potenza_impegnata<=6,Tutti,Tutti,10,256,0.3572,0.3125,0.3303,2024
potenza_impegnata>6,Non Residente,Tutti,10,652,0.3863,0.2662,0.3475,2024
potenza_impegnata>6,Residente,Tutti,10,542,0.368,0.2878,0.3442,2024
potenza_impegnata>6,Tutti,Tutti,10,571,0.374,0.2812,0.3448,2024
0<potenza_impegnata<=1.5,Non Residente,Maggior Tutela,09,27,0.2853,0.2772,0.4375,2024
0<potenza_impegnata<=1.5,Residente,Maggior Tutela,09,65,0.3307,0.2773,0.392,2024
0<potenza_impegnata<=1.5,Tutti,Maggior Tutela,09,52,0.3209,0.2773,0.4019,2024
1.5<potenza_impegnata<=3,Non Residente,Maggior Tutela,09,79,0.3204,0.2854,0.3942,2024
1.5<potenza_impegnata<=3,Residente,Maggior Tutela,09,106,0.3265,0.2874,0.3861,2024
1.5<potenza_impegnata<=3,Tutti,Maggior Tutela,09,104,0.3261,0.2873,0.3866,2024
3<potenza_impegnata<=4.5,Non Residente,Maggior Tutela,09,138,0.3272,0.2823,0.3905,2024
3<potenza_impegnata<=4.5,Residente,Maggior Tutela,09,173,0.3393,0.2926,0.3681,2024
3<potenza_impegnata<=4.5,Tutti,Maggior Tutela,09,170,0.3382,0.2917,0.37,2024
4.5<potenza_impegnata<=6,Non Residente,Maggior Tutela,09,193,0.3629,0.2593,0.3777,2024
4.5<potenza_impegnata<=6,Residente,Maggior Tutela,09,209,0.3334,0.2786,0.388,2024
4.5<potenza_impegnata<=6,Tutti,Maggior Tutela,09,206,0.3387,0.2752,0.3861,2024
potenza_impegnata>6,Non Residente,Maggior Tutela,09,584,0.3552,0.2586,0.3862,2024
potenza_impegnata>6,Residente,Maggior Tutela,09,435,0.3377,0.2616,0.4008,2024
potenza_impegnata>6,Tutti,Maggior Tutela,09,472,0.345,0.2603,0.3947,2024
0<potenza_impegnata<=1.5,Non Residente,Mercato Libero,09,27,0.3137,0.2644,0.4219,2024
0<potenza_impegnata<=1.5,Residente,Mercato Libero,09,55,0.3058,0.2802,0.414,2024
0<potenza_impegnata<=1.5,Tutti,Mercato Libero,09,39,0.3079,0.2759,0.4162,2024
1.5<potenza_impegnata<=3,Non Residente,Mercato Libero,09,97,0.3111,0.2929,0.396,2024
1.5<potenza_impegnata<=3,Residente,Mercato Libero,09,128,0.3118,0.2959,0.3923,2024
1.5<potenza_impegnata<=3,Tutti,Mercato Libero,09,123,0.3118,0.2954,0.3929,2024
3<potenza_impegnata<=4.5,Non Residente,Mercato Libero,09,156,0.3217,0.2948,0.3835,2024
3<potenza_impegnata<=4.5,Residente,Mercato Libero,09,196,0.315,0.3033,0.3816,2024
3<potenza_impegnata<=4.5,Tutti,Mercato Libero,09,189,0.3163,0.3017,0.382,2024
4.5<potenza_impegnata<=6,Non Residente,Mercato Libero,09,202,0.3369,0.2815,0.3816,2024
4.5<potenza_impegnata<=6,Residente,Mercato Libero,09,237,0.3217,0.2921,0.3862,2024
4.5<potenza_impegnata<=6,Tutti,Mercato Libero,09,230,0.3247,0.2901,0.3852,2024
potenza_impegnata>6,Non Residente,Mercato Libero,09,663,0.3633,0.2511,0.3856,2024
potenza_impegnata>6,Residente,Mercato Libero,09,517,0.3377,0.2673,0.395,2024
potenza_impegnata>6,Tutti,Mercato Libero,09,556,0.3462,0.2621,0.3918,2024
0<potenza_impegnata<=1.5,Non Residente,Servizio a tutele graduali domestici non vulnerabili,09,29,0.3063,0.2643,0.4294,2024
0<potenza_impegnata<=1.5,Residente,Servizio a tutele graduali domestici non vulnerabili,09,51,0.271,0.286,0.443,2024
0<potenza_impegnata<=1.5,Tutti,Servizio a tutele graduali domestici non vulnerabili,09,41,0.2823,0.2791,0.4387,2024
1.5<potenza_impegnata<=3,Non Residente,Servizio a tutele graduali domestici non vulnerabili,09,89,0.3061,0.2913,0.4026,2024
1.5<potenza_impegnata<=3,Residente,Servizio a tutele graduali domestici non vulnerabili,09,124,0.3009,0.2976,0.4015,2024
1.5<potenza_impegnata<=3,Tutti,Servizio a tutele graduali domestici non vulnerabili,09,120,0.3015,0.2969,0.4016,2024
3<potenza_impegnata<=4.5,Non Residente,Servizio a tutele graduali domestici non vulnerabili,09,156,0.3226,0.285,0.3923,2024
3<potenza_impegnata<=4.5,Residente,Servizio a tutele graduali domestici non vulnerabili,09,199,0.3096,0.3004,0.39,2024
3<potenza_impegnata<=4.5,Tutti,Servizio a tutele graduali domestici non vulnerabili,09,194,0.3113,0.2985,0.3903,2024
4.5<potenza_impegnata<=6,Non Residente,Servizio a tutele graduali domestici non vulnerabili,09,738,0.3402,0.2757,0.3841,2024
4.5<potenza_impegnata<=6,Residente,Servizio a tutele graduali domestici non vulnerabili,09,240,0.3231,0.2917,0.3852,2024
4.5<potenza_impegnata<=6,Tutti,Servizio a tutele graduali domestici non vulnerabili,09,305,0.3252,0.2898,0.3851,2024
potenza_impegnata>6,Non Residente,Servizio a tutele graduali domestici non vulnerabili,09,507,0.3944,0.2321,0.3734,2024
potenza_impegnata>6,Residente,Servizio a tutele graduali domestici non vulnerabili,09,513,0.3336,0.2617,0.4047,2024
potenza_impegnata>6,Tutti,Servizio a tutele graduali domestici non vulnerabili,09,512,0.3496,0.2539,0.3965,2024
0<potenza_impegnata<=1.5,Non Residente,Tutti,09,27,0.3076,0.2667,0.4257,2024
0<potenza_impegnata<=1.5,Residente,Tutti,09,57,0.3082,0.2801,0.4117,2024
0<potenza_impegnata<=1.5,Tutti,Tutti,09,41,0.3081,0.2765,0.4154,2024
1.5<potenza_impegnata<=3,Non Residente,Tutti,09,95,0.311,0.2925,0.3964,2024
1.5<potenza_impegnata<=3,Residente,Tutti,09,125,0.3121,0.2953,0.3927,2024
1.5<potenza_impegnata<=3,Tutti,Tutti,09,121,0.3119,0.2948,0.3932,2024
3<potenza_impegnata<=4.5,Non Residente,Tutti,09,155,0.3218,0.2941,0.3841,2024
3<potenza_impegnata<=4.5,Residente,Tutti,09,196,0.3155,0.3027,0.3818,2024
3<potenza_impegnata<=4.5,Tutti,Tutti,09,189,0.3167,0.3011,0.3822,2024
4.5<potenza_impegnata<=6,Non Residente,Tutti,09,244,0.338,0.2803,0.3816,2024
4.5<potenza_impegnata<=6,Residente,Tutti,09,236,0.3223,0.2916,0.3861,2024
4.5<potenza_impegnata<=6,Tutti,Tutti,09,237,0.3253,0.2895,0.3852,2024
potenza_impegnata>6,Non Residente,Tutti,09,644,0.3655,0.2499,0.3845,2024
potenza_impegnata>6,Residente,Tutti,09,511,0.3371,0.2663,0.3966,2024
potenza_impegnata>6,Tutti,Tutti,09,545,0.3465,0.261,0.3925,2024
